injector_code,manufacturerName,volt_ampere_profile,codetype,calibration_id,checksum_m,k_coefficient,is_custom
A04011000001,AZPI,AZPI_COIL,,,,,FALSE
A04011000003,AZPI,AZPI_COIL,,,,,FALSE
2645A747,Caterpillar,CATERPILLAR_COIL,,,,,FALSE
28229873,Delphi,DELPHI_COIL,1,,2,,FALSE
28231014,Delphi,DELPHI_COIL,1,,2,,FALSE
28231462,Delphi,DELPHI_COIL,1,,3,,FALSE
28232234,Delphi,DELPHI_COIL,1,,2,,FALSE
28232242,Delphi,DELPHI_COIL,0,,0,,FALSE
28232248,Delphi,DELPHI_COIL,0,,0,,FALSE
28232251,Delphi,DELPHI_COIL,0,,1,,FALSE
28235143,Delphi,DELPHI_COIL,1,,2,,FALSE
28236381,Delphi,DELPHI_COIL,1,,2,,FALSE
28237259,Delphi,DELPHI_COIL,1,,2,,FALSE
28239766,Delphi,DELPHI_COIL,1,,3,,FALSE
28239769,Delphi,DELPHI_COIL,1,,3,,FALSE
28242659,Delphi,DELPHI_COIL,0,,1,,FALSE
28258683,Delphi,DELPHI_COIL,0,,1,,FALSE
28264951,Delphi,DELPHI_COIL,1,,3,,FALSE
28264952,Delphi,DELPHI_COIL,1,,3,,FALSE
28271551,Delphi,DELPHI_COIL,1,,3,,FALSE
28280576,Delphi,DELPHI_COIL,0,,1,,FALSE
28280600,Delphi,DELPHI_COIL,0,,1,,FALSE
28334532,Delphi,DELPHI_COIL,1,,3,,FALSE
28342997,Delphi,DELPHI_COIL,1,,3,,FALSE
28348370,Delphi,DELPHI_COIL,1,,3,,FALSE
28348371,Delphi,DELPHI_COIL,1,,3,,FALSE
28489548,Delphi,DELPHI_COIL,1,,3,,FALSE
28489562,Delphi,DELPHI_COIL,1,,3,,FALSE
28231462-R,Delphi,DELPHI_COIL,1,,3,,FALSE
A6460700987,Delphi,DELPHI_COIL,1,,2,,FALSE
EJBR00801Z,Delphi,DELPHI_COIL,0,,0,,FALSE
EJBR00901Z,Delphi,DELPHI_COIL,0,,0,,FALSE
EJBR01001A,Delphi,DELPHI_COIL,0,,0,,FALSE
EJBR01001Z,Delphi,DELPHI_COIL,0,,0,,FALSE
EJBR01101Z,Delphi,DELPHI_COIL,0,,0,,FALSE
EJBR01201Z,Delphi,DELPHI_COIL,0,,0,,FALSE
EJBR01301Z,Delphi,DELPHI_COIL,0,,0,,FALSE
EJBR01302Z,Delphi,DELPHI_COIL,0,,0,,FALSE
EJBR01401Z,Delphi,DELPHI_COIL,0,,0,,FALSE
EJBR01501Z,Delphi,DELPHI_COIL,0,,0,,FALSE
EJBR01601Z,Delphi,DELPHI_COIL,0,,0,,FALSE
EJBR01701Z,Delphi,DELPHI_COIL,0,,0,,FALSE
EJBR01801A,Delphi,DELPHI_COIL,0,,0,,FALSE
EJBR01801Z,Delphi,DELPHI_COIL,0,,0,,FALSE
EJBR01901Z,Delphi,DELPHI_COIL,0,,0,,FALSE
EJBR02001Z,Delphi,DELPHI_COIL,0,,0,,FALSE
EJBR02101Z,Delphi,DELPHI_COIL,0,,0,,FALSE
EJBR02201Z,Delphi,DELPHI_COIL,0,,0,,FALSE
EJBR02301Z,Delphi,DELPHI_COIL,0,,0,,FALSE
EJBR02401Z,Delphi,DELPHI_COIL,0,,1,,FALSE
EJBR02501Z,Delphi,DELPHI_COIL,0,,1,,FALSE
EJBR02601Z,Delphi,DELPHI_COIL,0,,1,,FALSE
EJBR02701Z,Delphi,DELPHI_COIL,0,,1,,FALSE
EJBR02801D,Delphi,DELPHI_COIL,0,,0,,FALSE
EJBR02901D,Delphi,DELPHI_COIL,0,,1,,FALSE
EJBR03001D,Delphi,DELPHI_COIL,0,,1,,FALSE
EJBR03101D,Delphi,DELPHI_COIL,0,,1,,FALSE
EJBR03301D,Delphi,DELPHI_COIL,0,,1,,FALSE
EJBR03401D,Delphi,DELPHI_COIL,0,,1,,FALSE
EJBR03401Z,Delphi,DELPHI_COIL,0,,1,,FALSE
EJBR03501D,Delphi,DELPHI_COIL,0,,1,,FALSE
EJBR03601D,Delphi,DELPHI_COIL,0,,0,,FALSE
EJBR03701D,Delphi,DELPHI_COIL,0,,1,,FALSE
EJBR03801D,Delphi,DELPHI_COIL,1,,2,,FALSE
EJBR03901D,Delphi,DELPHI_COIL,1,,2,,FALSE
EJBR03902D,Delphi,DELPHI_COIL,1,,2,,FALSE
EJBR04001D,Delphi,DELPHI_COIL,0,,0,,FALSE
EJBR04101D,Delphi,DELPHI_COIL,0,,0,,FALSE
EJBR04201D,Delphi,DELPHI_COIL,1,,2,,FALSE
EJBR04301D,Delphi,DELPHI_COIL,0,,1,,FALSE
EJBR04401D,Delphi,DELPHI_COIL,1,,2,,FALSE
EJBR04501D,Delphi,DELPHI_COIL,1,,2,,FALSE
EJBR04601D,Delphi,DELPHI_COIL,0,,1,,FALSE
EJBR04701D,Delphi,DELPHI_COIL,0,,1,,FALSE
EJBR04701Z,Delphi,DELPHI_COIL,0,,1,,FALSE
EJBR04901D,Delphi,DELPHI_COIL,0,,1,,FALSE
EJBR05001D,Delphi,DELPHI_COIL,0,,1,,FALSE
EJBR05101D,Delphi,DELPHI_COIL,0,,1,,FALSE
EJBR05102D,Delphi,DELPHI_COIL,0,,1,,FALSE
EJBR05201D,Delphi,DELPHI_COIL,0,,1,,FALSE
EJBR05501D,Delphi,DELPHI_COIL,1,,2,,FALSE
EJBR05601D,Delphi,DELPHI_COIL,1,,2,,FALSE
EJBR05701D,Delphi,DELPHI_COIL,0,,1,,FALSE
EJBR06001D,Delphi,DELPHI_COIL,1,,2,,FALSE
EJDR00001Z,Delphi,DELPHI_COIL,0,,0,,FALSE
EJDR00002Z,Delphi,DELPHI_COIL,0,,0,,FALSE
EJDR00101Z,Delphi,DELPHI_COIL,0,,0,,FALSE
EJDR00201Z,Delphi,DELPHI_COIL,0,,0,,FALSE
EJDR00202Z,Delphi,DELPHI_COIL,0,,0,,FALSE
EJDR00301Z,Delphi,DELPHI_COIL,0,,0,,FALSE
EJDR00401Z,Delphi,DELPHI_COIL,0,,0,,FALSE
EJDR00402Z,Delphi,DELPHI_COIL,0,,0,,FALSE
EJDR00403Z,Delphi,DELPHI_COIL,0,,0,,FALSE
EJDR00501Z,Delphi,DELPHI_COIL,0,,0,,FALSE
EJDR00502Z,Delphi,DELPHI_COIL,0,,0,,FALSE
EJDR00503Z,Delphi,DELPHI_COIL,0,,0,,FALSE
EJDR00504Z,Delphi,DELPHI_COIL,0,,0,,FALSE
EJDR00601D,Delphi,DELPHI_COIL,0,,0,,FALSE
EJDR00701D,Delphi,DELPHI_COIL,0,,0,,FALSE
EJDR01001D,Delphi,DELPHI_COIL,0,,0,,FALSE
EJDR01101D,Delphi,DELPHI_COIL,0,,0,,FALSE
EJDR01401Z,Delphi,DELPHI_COIL,0,,0,,FALSE
EJDR01701Z,Delphi,DELPHI_COIL,0,,0,,FALSE
EJDR02101Z,Delphi,DELPHI_COIL,0,,0,,FALSE
EJDR04101D,Delphi,DELPHI_COIL,0,,0,,FALSE
EMBR00001D,Delphi,DELPHI_COIL,1,,3,,FALSE
EMBR00002D,Delphi,DELPHI_COIL,1,,3,,FALSE
EMBR00101D,Delphi,DELPHI_COIL,1,,3,,FALSE
EMBR00101DP,Delphi,DELPHI_COIL,1,,3,,FALSE
EMBR00201D,Delphi,DELPHI_COIL,1,,2,,FALSE
EMBR00202D,Delphi,DELPHI_COIL,1,,2,,FALSE
EMBR00203D,Delphi,DELPHI_COIL,1,,2,,FALSE
3380087000,Denso,DENSO_COIL0.5,NO_CODING,,,,FALSE
111201006240000,Denso,DENSO_COIL0.5,0,E8,,,FALSE
095000-015#,Denso,DENSO_COIL3,NO_CODING,,,,FALSE
095000-017#,Denso,DENSO_COIL0.7,NO_CODING,,,,FALSE
095000-036#,Denso,DENSO_COIL3,NO_CODING,,,,FALSE
095000-040#,Denso,DENSO_COIL0.7,NO_CODING,,,,FALSE
095000-041#,Denso,DENSO_COIL3,NO_CODING,,,,FALSE
095000-042#,Denso,DENSO_COIL3,NO_CODING,,,,FALSE
095000-051#,Denso,DENSO_COIL3,NO_CODING,,,,FALSE
095000-052#,Denso,DENSO_COIL3,NO_CODING,,,,FALSE
095000-053#,Denso,DENSO_COIL3,NO_CODING,,,,FALSE
095000-054#,Denso,DENSO_COIL3,NO_CODING,,,,FALSE
095000-056#,Denso,DENSO_COIL0.7,NO_CODING,,,,FALSE
095000-057#,Denso,DENSO_COIL3,NO_CODING,,,,FALSE
095000-058#,Denso,DENSO_COIL3,NO_CODING,,,,FALSE
095000-063#,Denso,DENSO_COIL3,NO_CODING,,,,FALSE
095000-074#,Denso,DENSO_COIL3,NO_CODING,,,,FALSE
095000-075#,Denso,DENSO_COIL3,NO_CODING,,,,FALSE
095000-077#,Denso,DENSO_COIL3,NO_CODING,,,,FALSE
095000-082#,Denso,DENSO_COIL3,NO_CODING,,,,FALSE
095000-094#,Denso,DENSO_COIL3,NO_CODING,,,,FALSE
095000-095#,Denso,DENSO_COIL3,NO_CODING,,,,FALSE
095000-103#,Denso,DENSO_COIL0.7,NO_CODING,,,,FALSE
095000-121#,Denso,DENSO_COIL0.7,NO_CODING,,,,FALSE
095000-500#,Denso,DENSO_COIL0.5,NO_CODING,,,,FALSE
095000-501#,Denso,DENSO_COIL0.5,NO_CODING,,,,FALSE
095000-503#,Denso,DENSO_COIL0.5,NO_CODING,,,,FALSE
095000-507#,Denso,DENSO_COIL0.5,NO_CODING,,,,FALSE
095000-508#,Denso,DENSO_COIL0.5,3,50,,,FALSE
095000-509#,Denso,DENSO_COIL1N,0,10,,,FALSE
095000-512#,Denso,DENSO_COIL1N,0,1,,,FALSE
095000-513#,Denso,DENSO_COIL0.5,NO_CODING,,,,FALSE
095000-516#,Denso,DENSO_COIL3,NO_CODING,,,,FALSE
095000-519#,Denso,DENSO_COIL0.5,NO_CODING,,,,FALSE
095000-521#,Denso,DENSO_COIL0.5,0,72,,,FALSE
095000-522#,Denso,DENSO_COIL0.5,0,62,,,FALSE
095000-525#,Denso,DENSO_COIL1N,0,10,,,FALSE
095000-526#,Denso,DENSO_COIL1N,0,2,,,FALSE
095000-527#,Denso,DENSO_COIL0.5,0,41,,,FALSE
095000-528#,Denso,DENSO_COIL0.5,0,51,,,FALSE
095000-534#,Denso,DENSO_COIL0.5,0,56,,,FALSE
095000-535#,Denso,DENSO_COIL0.5,0,58,,,FALSE
095000-536#,Denso,DENSO_COIL0.5,0,58,,,FALSE
095000-540#,Denso,DENSO_COIL0.5,0,32,,,FALSE
095000-542#,Denso,DENSO_COIL1N,0,1,,,FALSE
095000-544#,Denso,DENSO_COIL1N,0,11,,,FALSE
095000-546#,Denso,DENSO_COIL0.5,0,91,,,FALSE
095000-547#,Denso,DENSO_COIL0.5,0,55,,,FALSE
095000-548#,Denso,DENSO_COIL0.5,NO_CODING,,,,FALSE
095000-551#,Denso,DENSO_COIL0.5,0,5A,,,FALSE
095000-555#,Denso,DENSO_COIL0.5,0,C0,,,FALSE
095000-558#,Denso,DENSO_COIL1N,0,2,,,FALSE
095000-560#,Denso,DENSO_COIL0.5,0,90,,,FALSE
095000-561#,Denso,DENSO_COIL1N,0,31,,,FALSE
095000-565#,Denso,DENSO_COIL0.5,0,D0,,,FALSE
095000-566#,Denso,DENSO_COIL1N,0,22,,,FALSE
095000-574#,Denso,DENSO_COIL1N,0,12,,,FALSE
095000-576#,Denso,DENSO_COIL0.5,0,91,,,FALSE
095000-578#,Denso,DENSO_COIL0.5,0,A0,,,FALSE
095000-580#,Denso,DENSO_COIL0.5,1,F0,,,FALSE
095000-581#,Denso,DENSO_COIL0.5,1,F1,,,FALSE
095000-583#,Denso,DENSO_COIL3,NO_CODING,,,,FALSE
095000-587#,Denso,DENSO_COIL0.5,NO_CODING,,,,FALSE
095000-588#,Denso,DENSO_COIL1N,0,22,,,FALSE
095000-589#,Denso,DENSO_COIL1N,0,12,,,FALSE
095000-592#,Denso,DENSO_COIL1N,0,11,,,FALSE
095000-602#,Denso,DENSO_COIL0.5,0,D1,,,FALSE
095000-603#,Denso,DENSO_COIL0.5,NO_CODING,,,,FALSE
095000-604#,Denso,DENSO_COIL1N,0,32,,,FALSE
095000-607#,Denso,DENSO_COIL0.5,NO_CODING,,,,FALSE
095000-610#,Denso,DENSO_COIL0.5,2,5F,,,FALSE
095000-611#,Denso,DENSO_COIL1N,0,31,,,FALSE
095000-613#,Denso,DENSO_COIL0.5,3,5D,,,FALSE
095000-615#,Denso,DENSO_COIL1N,0,2,,,FALSE
095000-617#,Denso,DENSO_COIL0.5,2,62,,,FALSE
095000-619#,Denso,DENSO_COIL1N,0,22,,,FALSE
095000-620#,Denso,DENSO_COIL1N,0,2,,,FALSE
095000-622#,Denso,DENSO_COIL0.5,0,E1,,,FALSE
095000-623#,Denso,DENSO_COIL1N,0,32,,,FALSE
095000-624#,Denso,DENSO_COIL0.5,0,D2,,,FALSE
095000-625#,Denso,DENSO_COIL0.5,0,D3,,,FALSE
095000-628#,Denso,DENSO_COIL0.5,NO_CODING,,,,FALSE
095000-631#,Denso,DENSO_COIL0.5,NO_CODING,,,,FALSE
095000-634#,Denso,DENSO_COIL0.5,0,41,,,FALSE
095000-635#,Denso,DENSO_COIL0.5,0,21,,,FALSE
095000-636#,Denso,DENSO_COIL0.5,0,64,,,FALSE
095000-637#,Denso,DENSO_COIL0.5,0,65,,,FALSE
095000-641#,Denso,DENSO_COIL1N,0,50,,,FALSE
095000-648#,Denso,DENSO_COIL0.5,NO_CODING,,,,FALSE
095000-649#,Denso,DENSO_COIL0.5,NO_CODING,,,,FALSE
095000-650#,Denso,DENSO_COIL0.5,NO_CODING,,,,FALSE
095000-651#,Denso,DENSO_COIL0.5,0,2,,,FALSE
095000-652#,Denso,DENSO_COIL0.5,0,3,,,FALSE
095000-658#,Denso,DENSO_COIL0.5,0,52,,,FALSE
095000-659#,Denso,DENSO_COIL0.5,0,41,,,FALSE
095000-662#,Denso,DENSO_COIL0.5,1,F2,,,FALSE
095000-663#,Denso,DENSO_COIL0.5,0,DE,,,FALSE
095000-668#,Denso,DENSO_COIL1N,0,51,,,FALSE
095000-669#,Denso,DENSO_COIL0.5,0,E8,,,FALSE
095000-670#,Denso,DENSO_COIL0.5,0,E3,,,FALSE
095000-671#,Denso,DENSO_COIL1N,0,14,,,FALSE
095000-673#,Denso,DENSO_COIL1N,0,60,,,FALSE
095000-674#,Denso,DENSO_COIL1N,0,61,,,FALSE
095000-675#,Denso,DENSO_COIL0.5,0,43,,,FALSE
095000-676#,Denso,DENSO_COIL1N,0,13,,,FALSE
095000-677#,Denso,DENSO_COIL1N,0,23,,,FALSE
095000-679#,Denso,DENSO_COIL0.5,0,E7,,,FALSE
095000-680#,Denso,DENSO_COIL0.5,2,5F,,,FALSE
095000-687#,Denso,DENSO_COIL1N,0,12,,,FALSE
095000-689#,Denso,DENSO_COIL1N,0,1,,,FALSE
095000-690#,Denso,DENSO_COIL1N,0,31,,,FALSE
095000-691#,Denso,DENSO_COIL1N,0,32,,,FALSE
095000-696#,Denso,DENSO_COIL1N,0,50,,,FALSE
095000-697#,Denso,DENSO_COIL1N,0,51,,,FALSE
095000-698#,Denso,DENSO_COIL0.5,2,5F,,,FALSE
095000-699#,Denso,DENSO_COIL0.5,2,62,,,FALSE
095000-701#,Denso,DENSO_COIL1N,0,14,,,FALSE
095000-703#,Denso,DENSO_COIL1N,0,13,,,FALSE
095000-704#,Denso,DENSO_COIL1N,0,23,,,FALSE
095000-706#,Denso,DENSO_COIL0.5,1,F4,,,FALSE
095000-714#,Denso,DENSO_COIL0.5,0,C3,,,FALSE
095000-716#,Denso,DENSO_COIL0.5,0,A3,,,FALSE
095000-718#,Denso,DENSO_COIL1N,0,61,,,FALSE
095000-721#,Denso,DENSO_COIL1N,0,1,,,FALSE
095000-722#,Denso,DENSO_COIL1N,0,1,,,FALSE
095000-724#,Denso,DENSO_COIL1N,0,31,,,FALSE
095000-725#,Denso,DENSO_COIL1N,0,31,,,FALSE
095000-727#,Denso,DENSO_COIL1N,0,32,,,FALSE
095000-728#,Denso,DENSO_COIL1N,0,32,,,FALSE
095000-730#,Denso,DENSO_COIL1N,0,50,,,FALSE
095000-731#,Denso,DENSO_COIL1N,0,50,,,FALSE
095000-732#,Denso,DENSO_COIL1N,0,51,,,FALSE
095000-733#,Denso,DENSO_COIL1N,0,51,,,FALSE
095000-735#,Denso,DENSO_COIL1N,0,12,,,FALSE
095000-736#,Denso,DENSO_COIL1N,0,12,,,FALSE
095000-740#,Denso,DENSO_COIL1N,0,13,,,FALSE
095000-741#,Denso,DENSO_COIL1N,0,13,,,FALSE
095000-742#,Denso,DENSO_COIL1N,0,23,,,FALSE
095000-743#,Denso,DENSO_COIL1N,0,23,,,FALSE
095000-744#,Denso,DENSO_COIL1N,0,14,,,FALSE
095000-745#,Denso,DENSO_COIL1N,0,14,,,FALSE
095000-749#,Denso,DENSO_COIL0.5,0,97,,,FALSE
095000-750#,Denso,DENSO_COIL0.5,0,96,,,FALSE
095000-751#,Denso,DENSO_COIL0.5,0,6E,,,FALSE
095000-753#,Denso,DENSO_COIL1N,0,60,,,FALSE
095000-754#,Denso,DENSO_COIL1N,0,13,,,FALSE
095000-755#,Denso,DENSO_COIL1N,0,1,,,FALSE
095000-756#,Denso,DENSO_COIL0.5,NO_CODING,,,,FALSE
095000-758#,Denso,DENSO_COIL1N,0,1,,,FALSE
095000-760#,Denso,DENSO_COIL1N,0,31,,,FALSE
095000-761#,Denso,DENSO_COIL1N,0,31,,,FALSE
095000-763#,Denso,DENSO_COIL1N,0,32,,,FALSE
095000-764#,Denso,DENSO_COIL1N,0,32,,,FALSE
095000-766#,Denso,DENSO_COIL1N,0,50,,,FALSE
095000-767#,Denso,DENSO_COIL1N,0,50,,,FALSE
095000-768#,Denso,DENSO_COIL1N,0,51,,,FALSE
095000-769#,Denso,DENSO_COIL1N,0,51,,,FALSE
095000-770#,Denso,DENSO_COIL1N,0,60,,,FALSE
095000-771#,Denso,DENSO_COIL1N,0,60,,,FALSE
095000-772#,Denso,DENSO_COIL1N,0,12,,,FALSE
095000-773#,Denso,DENSO_COIL1N,0,12,,,FALSE
095000-775#,Denso,DENSO_COIL1N,0,22,,,FALSE
095000-776#,Denso,DENSO_COIL1N,0,22,,,FALSE
095000-778#,Denso,DENSO_COIL1N,0,13,,,FALSE
095000-779#,Denso,DENSO_COIL1N,0,23,,,FALSE
095000-780#,Denso,DENSO_COIL1N,0,23,,,FALSE
095000-781#,Denso,DENSO_COIL1N,0,14,,,FALSE
095000-782#,Denso,DENSO_COIL1N,0,14,,,FALSE
095000-783#,Denso,DENSO_COIL1N,0,14,,,FALSE
095000-784#,Denso,DENSO_COIL1N,0,14,,,FALSE
095000-785#,Denso,DENSO_COIL0.5,NO_CODING,,,,FALSE
095000-786#,Denso,DENSO_COIL0.5,0,A4,,,FALSE
095000-789#,Denso,DENSO_COIL0.5H,0,B3,,,FALSE
095000-793#,Denso,DENSO_COIL0.5,1,F6,,,FALSE
095000-795#,Denso,DENSO_COIL1N,0,22,,,FALSE
095000-801#,Denso,DENSO_COIL0.5H,0,EB,,,FALSE
095000-805#,Denso,DENSO_COIL1N,0,61,,,FALSE
095000-806#,Denso,DENSO_COIL1N,0,61,,,FALSE
095000-810#,Denso,DENSO_COIL0.5,0,ED,,,FALSE
095000-811#,Denso,DENSO_COIL0.5,0,99,,,FALSE
095000-822#,Denso,DENSO_COIL1N,0,11,,,FALSE
095000-829#,Denso,DENSO_COIL1N,0,11,,,FALSE
095000-831#,Denso,DENSO_COIL0.5,0,C0,,,FALSE
095000-847#,Denso,DENSO_COIL1N,0,B7,,,FALSE
095000-853#,Denso,DENSO_COIL1N,0,22,,,FALSE
095000-872#,Denso,DENSO_COIL0.5,NO_CODING,,,,FALSE
095000-874#,Denso,DENSO_COIL1N,0,22,,,FALSE
095000-880#,Denso,DENSO_COIL0.5,NO_CODING,,,,FALSE
095000-890#,Denso,DENSO_COIL0.5,0,55,,,FALSE
095000-893#,Denso,DENSO_COIL0.5,0,64,,,FALSE
095000-956#,Denso,DENSO_COIL0.5,0,97,,,FALSE
095000-969#,Denso,DENSO_COIL0.5H,0,6F,,,FALSE
095000-973#,Denso,DENSO_COIL1N,0,60,,,FALSE
095000-977#,Denso,DENSO_COIL1N,0,61,,,FALSE
095000-978#,Denso,DENSO_COIL1N,0,60,,,FALSE
097500-974#,Denso,DENSO_COIL1N,0,61,,,FALSE
1112010A6210000,Denso,DENSO_COIL0.5,0,E1,,,FALSE
1465A041,Denso,DENSO_COIL0.5,0,90,,,FALSE
1465A054,Denso,DENSO_COIL0.5,0,91,,,FALSE
1465A257,Denso,DENSO_COIL0.5,0,97,,,FALSE
1465A279,Denso,DENSO_COIL0.5,0,96,,,FALSE
1465A297,Denso,DENSO_COIL0.5,0,97,,,FALSE
1465A307,Denso,DENSO_COIL0.5,0,99,,,FALSE
1465A351,Denso,DENSO_COIL0.5H,0,99,,,FALSE
16600-3XN0#,Denso,DENSO_COIL0.5H,0,DB,,,FALSE
16600-5X00#,Denso,DENSO_COIL0.5H,0,D8,,,FALSE
16600-5X30#,Denso,DENSO_COIL0.5H,0,DA,,,FALSE
16600-8H80#,Denso,DENSO_COIL3,NO_CODING,,,,FALSE
16600-AW40#,Denso,DENSO_COIL0.5,NO_CODING,,,,FALSE
16600-AW42#,Denso,DENSO_COIL0.5,NO_CODING,,,,FALSE
16600-EB30#,Denso,DENSO_COIL0.5,0,D0,,,FALSE
16600-EB70#,Denso,DENSO_COIL0.5,0,D3,,,FALSE
16600-EC00#,Denso,DENSO_COIL0.5,0,D3,,,FALSE
16600-ES60#,Denso,DENSO_COIL0.5,0,D1,,,FALSE
16600-ES61#,Denso,DENSO_COIL0.5,0,D1,,,FALSE
16600-MB40#,Denso,DENSO_COIL0.5,0,D2,,,FALSE
16600-VM00,Denso,DENSO_COIL0.5,0,D2,,,FALSE
16613AA020,Denso,DENSO_COIL0.5H,0,B3,,,FALSE
16613AA030,Denso,DENSO_COIL0.5H,0,B2,,,FALSE
16650Z600E,Denso,DENSO_COIL0.5,0,DE,,,FALSE
1G410-5305#,Denso,DENSO_COIL0.5,0,6E,,,FALSE
1J500-5305#,Denso,DENSO_COIL0.5H,0,6F,,,FALSE
1J574-53051,Denso,DENSO_COIL0.5,2,5F,,,FALSE
23670-09030,Denso,DENSO_COIL1N,0,1,,,FALSE
23670-09070,Denso,DENSO_COIL1N,0,11,,,FALSE
23670-09130,Denso,DENSO_COIL1N,0,31,,,FALSE
23670-09140,Denso,DENSO_COIL1N,0,32,,,FALSE
23670-09180,Denso,DENSO_COIL1N,0,50,,,FALSE
23670-09190,Denso,DENSO_COIL1N,0,51,,,FALSE
23670-09200,Denso,DENSO_COIL1N,0,31,,,FALSE
23670-09210,Denso,DENSO_COIL1N,0,32,,,FALSE
23670-09220,Denso,DENSO_COIL1N,0,1,,,FALSE
23670-09230,Denso,DENSO_COIL1N,0,51,,,FALSE
23670-09240,Denso,DENSO_COIL1N,0,50,,,FALSE
23670-09250,Denso,DENSO_COIL1N,0,1,,,FALSE
23670-09260,Denso,DENSO_COIL1N,0,31,,,FALSE
23670-09270,Denso,DENSO_COIL1N,0,51,,,FALSE
23670-09280,Denso,DENSO_COIL1N,0,50,,,FALSE
23670-09290,Denso,DENSO_COIL1N,0,32,,,FALSE
23670-09330,Denso,DENSO_COIL1N,0,11,,,FALSE
23670-09340,Denso,DENSO_COIL0.5H,0,25,,,FALSE
23670-09350,Denso,DENSO_COIL0.5H,0,18,,,FALSE
23670-09360,Denso,DENSO_COIL1N,0,22,,,FALSE
23670-09380,Denso,DENSO_COIL0.5H,0,26,,,FALSE
23670-0G010,Denso,DENSO_COIL1N,0,1,,,FALSE
23670-0G020,Denso,DENSO_COIL1N,0,1,,,FALSE
23670-0G030,Denso,DENSO_COIL1N,0,1,,,FALSE
23670-0G040,Denso,DENSO_COIL1N,0,1,,,FALSE
23670-0L020,Denso,DENSO_COIL1N,0,11,,,FALSE
23670-0L050,Denso,DENSO_COIL1N,0,11,,,FALSE
23670-0L070,Denso,DENSO_COIL1N,0,22,,,FALSE
23670-0L090,Denso,DENSO_COIL0.5H,0,18,,,FALSE
23670-0L100,Denso,DENSO_COIL0.5H,0,25,,,FALSE
23670-0L110,Denso,DENSO_COIL0.5H,0,26,,,FALSE
23670-0R010,Denso,DENSO_COIL1N,0,31,,,FALSE
23670-0R020,Denso,DENSO_COIL1N,0,32,,,FALSE
23670-0R030,Denso,DENSO_COIL1N,0,50,,,FALSE
23670-0R040,Denso,DENSO_PIEZO,0,40,,,FALSE
23670-0R041,Denso,DENSO_PIEZO,0,40,,,FALSE
23670-0R050,Denso,DENSO_COIL1N,0,51,,,FALSE
23670-0R060,Denso,DENSO_COIL1N,0,31,,,FALSE
23670-0R070,Denso,DENSO_COIL1N,0,32,,,FALSE
23670-0R090,Denso,DENSO_PIEZO,0,33,,,FALSE
23670-0R091,Denso,DENSO_PIEZO,0,33,,,FALSE
23670-0R100,Denso,DENSO_PIEZO,0,52,,,FALSE
23670-0R101,Denso,DENSO_PIEZO,0,52,,,FALSE
23670-0R110,Denso,DENSO_COIL1N,0,31,,,FALSE
23670-0R120,Denso,DENSO_COIL1N,0,32,,,FALSE
23670-0R130,Denso,DENSO_COIL1N,0,51,,,FALSE
23670-0R140,Denso,DENSO_COIL1N,0,50,,,FALSE
23670-0R160,Denso,DENSO_COIL1N,0,31,,,FALSE
23670-0R170,Denso,DENSO_COIL1N,0,32,,,FALSE
23670-0R180,Denso,DENSO_COIL1N,0,51,,,FALSE
23670-0R190,Denso,DENSO_COIL1N,0,50,,,FALSE
23670-26011,Denso,DENSO_PIEZO,0,40,,,FALSE
23670-26020,Denso,DENSO_PIEZO,0,40,,,FALSE
23670-26060,Denso,DENSO_PIEZO,0,33,,,FALSE
23670-26061,Denso,DENSO_PIEZO,0,33,,,FALSE
23670-26071,Denso,DENSO_PIEZO,0,52,,,FALSE
23670-27010,Denso,DENSO_COIL3,NO_CODING,,,,FALSE
23670-27030,Denso,DENSO_COIL3,NO_CODING,,,,FALSE
23670-2705#,Denso,DENSO_COIL1N,0,2,,,FALSE
23670-29015,Denso,DENSO_COIL3,NO_CODING,,,,FALSE
23670-29035,Denso,DENSO_COIL3,NO_CODING,,,,FALSE
23670-2904#,Denso,DENSO_COIL1N,0,2,,,FALSE
23670-29055,Denso,DENSO_PIEZO,0,40,,,FALSE
23670-2906#,Denso,DENSO_COIL1N,0,2,,,FALSE
23670-29105,Denso,DENSO_PIEZO,0,40,,,FALSE
23670-29116,Denso,DENSO_PIEZO,0,52,,,FALSE
23670-29125,Denso,DENSO_PIEZO,0,33,,,FALSE
23670-29126,Denso,DENSO_PIEZO,0,33,,,FALSE
23670-30010,Denso,DENSO_COIL3,NO_CODING,,,,FALSE
23670-30020,Denso,DENSO_COIL3,NO_CODING,,,,FALSE
23670-30030,Denso,DENSO_COIL3,NO_CODING,,,,FALSE
23670-30040,Denso,DENSO_COIL3,NO_CODING,,,,FALSE
23670-3005#,Denso,DENSO_COIL1N,0,22,,,FALSE
23670-30070,Denso,DENSO_COIL1N,0,10,,,FALSE
23670-30080,Denso,DENSO_COIL1N,0,12,,,FALSE
23670-30100,Denso,DENSO_COIL1N,0,22,,,FALSE
23670-30120,Denso,DENSO_COIL1N,0,14,,,FALSE
23670-30140,Denso,DENSO_COIL1N,0,13,,,FALSE
23670-30150,Denso,DENSO_COIL1N,0,23,,,FALSE
23670-30170,Denso,DENSO_PIEZO,0,1A,,,FALSE
23670-30180,Denso,DENSO_COIL1N,0,12,,,FALSE
23670-30210,Denso,DENSO_COIL1N,0,12,,,FALSE
23670-30220,Denso,DENSO_COIL1N,0,13,,,FALSE
23670-30230,Denso,DENSO_COIL1N,0,14,,,FALSE
23670-30250,Denso,DENSO_COIL1N,0,23,,,FALSE
23670-30280,Denso,DENSO_COIL1N,0,13,,,FALSE
23670-30290,Denso,DENSO_COIL1N,0,14,,,FALSE
23670-30300,Denso,DENSO_COIL1N,0,22,,,FALSE
23670-30310,Denso,DENSO_COIL1N,0,23,,,FALSE
23670-30320,Denso,DENSO_COIL1N,0,12,,,FALSE
23670-30330,Denso,DENSO_COIL1N,0,14,,,FALSE
23670-30400,Denso,DENSO_COIL0.5H,0,18,,,FALSE
23670-30410,Denso,DENSO_COIL0.5H,0,25,,,FALSE
23670-30420,Denso,DENSO_COIL0.5H,0,26,,,FALSE
23670-39015,Denso,DENSO_COIL3,NO_CODING,,,,FALSE
23670-39016,Denso,DENSO_COIL3,NO_CODING,,,,FALSE
23670-39025,Denso,DENSO_COIL3,NO_CODING,,,,FALSE
23670-39035,Denso,DENSO_COIL3,NO_CODING,,,,FALSE
23670-39045,Denso,DENSO_COIL3,NO_CODING,,,,FALSE
23670-3908#,Denso,DENSO_COIL1N,0,10,,,FALSE
23670-3909#,Denso,DENSO_COIL1N,0,22,,,FALSE
23670-39135,Denso,DENSO_COIL1N,0,12,,,FALSE
23670-39145,Denso,DENSO_COIL1N,0,23,,,FALSE
23670-39155,Denso,DENSO_COIL1N,0,12,,,FALSE
23670-39165,Denso,DENSO_COIL1N,0,14,,,FALSE
23670-39185,Denso,DENSO_COIL1N,0,13,,,FALSE
23670-39215,Denso,DENSO_COIL1N,0,13,,,FALSE
23670-39225,Denso,DENSO_COIL1N,0,14,,,FALSE
23670-39245,Denso,DENSO_COIL1N,0,23,,,FALSE
23670-39255,Denso,DENSO_COIL0.5H,0,25,,,FALSE
23670-39265,Denso,DENSO_COIL1N,0,14,,,FALSE
23670-39285,Denso,DENSO_COIL1N,0,23,,,FALSE
23670-39295,Denso,DENSO_COIL1N,0,12,,,FALSE
23670-39305,Denso,DENSO_COIL1N,0,14,,,FALSE
23670-39316,Denso,DENSO_COIL1N,0,13,,,FALSE
23670-39365,Denso,DENSO_COIL0.5H,0,18,,,FALSE
23670-39425,Denso,DENSO_COIL0.5H,0,26,,,FALSE
23670-39445,Denso,DENSO_PIEZO,0,1A,,,FALSE
23670-51010,Denso,DENSO_COIL1N,0,61,,,FALSE
23670-51020,Denso,DENSO_COIL1N,0,60,,,FALSE
23670-51030,Denso,DENSO_COIL1N,0,60,,,FALSE
23670-51031,Denso,DENSO_COIL1N,0,60,,,FALSE
23670-51040,Denso,DENSO_COIL1N,0,61,,,FALSE
23670-51041,Denso,DENSO_COIL1N,0,61,,,FALSE
23670-59015,Denso,DENSO_COIL1N,0,61,,,FALSE
23670-59018,Denso,DENSO_COIL1N,0,61,,,FALSE
23670-59025,Denso,DENSO_COIL1N,0,60,,,FALSE
23670-59035,Denso,DENSO_COIL1N,0,60,,,FALSE
23670-59036,Denso,DENSO_COIL1N,0,60,,,FALSE
23670-59037,Denso,DENSO_COIL1N,0,60,,,FALSE
23670-78010,Denso,DENSO_COIL3,NO_CODING,,,,FALSE
23670-7811#,Denso,DENSO_COIL0.5,0,2,,,FALSE
23670-7812#,Denso,DENSO_COIL0.5,0,3,,,FALSE
23670-79015,Denso,DENSO_COIL0.5,0,2,,,FALSE
23670-79016,Denso,DENSO_COIL0.5,0,2,,,FALSE
23670-79026,Denso,DENSO_COIL0.5,0,3,,,FALSE
23670-79095,Denso,DENSO_COIL1N,0,B7,,,FALSE
23670-E0010,Denso,DENSO_COIL0.5,0,41,,,FALSE
23670-E0030,Denso,DENSO_COIL0.5,0,43,,,FALSE
23670-E0031,Denso,DENSO_COIL0.5H,0,43,,,FALSE
23670-E0050,Denso,DENSO_COIL0.5,0,21,,,FALSE
23670-E008#,Denso,DENSO_COIL0.5,0,2,,,FALSE
23670-E009#,Denso,DENSO_COIL0.5,0,3,,,FALSE
23670-E025#,Denso,DENSO_COIL0.5,0,41,,,FALSE
23670-E0260,Denso,DENSO_COIL0.5,0,91,,,FALSE
23670-E028#,Denso,DENSO_COIL0.5,0,32,,,FALSE
23670-E029#,Denso,DENSO_COIL0.5,0,51,,,FALSE
23670-E0320,Denso,DENSO_COIL0.5,0,52,,,FALSE
23670-E0340,Denso,DENSO_COIL0.5,0,62,,,FALSE
23670-E0341,Denso,DENSO_COIL0.5,0,62,,,FALSE
23670-E0350,Denso,DENSO_COIL0.5,0,72,,,FALSE
23670-E0351,Denso,DENSO_COIL0.5,0,72,,,FALSE
23910-1033,Denso,DENSO_COIL0.7,NO_CODING,,,,FALSE
23910-1034,Denso,DENSO_COIL0.7,NO_CODING,,,,FALSE
23910-104#,Denso,DENSO_COIL0.7,NO_CODING,,,,FALSE
23910-116#,Denso,DENSO_COIL0.7,NO_CODING,,,,FALSE
23910-1201A,Denso,DENSO_COIL3,NO_CODING,,,,FALSE
23910-1240,Denso,DENSO_COIL0.5,0,62,,,FALSE
23910-1242,Denso,DENSO_COIL0.5,0,62,,,FALSE
23910-1252,Denso,DENSO_COIL0.5,0,72,,,FALSE
23910-1322,Denso,DENSO_COIL0.5,0,32,,,FALSE
23910-1360,Denso,DENSO_COIL0.5,0,51,,,FALSE
23910-1430,Denso,DENSO_COIL0.5,0,41,,,FALSE
23910-1440,Denso,DENSO_COIL0.5,0,21,,,FALSE
23910-1460,Denso,DENSO_COIL0.5,0,52,,,FALSE
295050-001#,Denso,DENSO_COIL0.5,0,A2,,,FALSE
295050-005#,Denso,DENSO_COIL0.5H,3,FF,,,FALSE
295050-018#,Denso,DENSO_COIL0.5H,0,18,,,FALSE
295050-019#,Denso,DENSO_COIL0.5H,0,25,,,FALSE
295050-020#,Denso,DENSO_COIL0.5H,0,18,,,FALSE
295050-021#,Denso,DENSO_COIL0.5H,0,25,,,FALSE
295050-025#,Denso,DENSO_COIL0.5H,0,B2,,,FALSE
295050-030#,Denso,DENSO_COIL0.5H,0,D8,,,FALSE
295050-046#,Denso,DENSO_COIL0.5H,0,18,,,FALSE
295050-047#,Denso,DENSO_COIL0.5H,0,25,,,FALSE
295050-052#,Denso,DENSO_COIL0.5H,0,18,,,FALSE
295050-053#,Denso,DENSO_COIL0.5H,0,25,,,FALSE
295050-054#,Denso,DENSO_COIL0.5H,0,26,,,FALSE
295050-056#,Denso,DENSO_COIL0.5H,0,99,,,FALSE
295050-062#,Denso,DENSO_COIL0.5H,0,26,,,FALSE
295050-080#,Denso,DENSO_COIL0.5H,0,26,,,FALSE
295050-081#,Denso,DENSO_COIL0.5H,0,26,,,FALSE
295050-105#,Denso,DENSO_COIL0.5H,0,DA,,,FALSE
295050-106#,Denso,DENSO_COIL0.5H,0,DB,,,FALSE
295050-117#,Denso,DENSO_COIL0.5H,0,43,,,FALSE
295050-190#,Denso,DENSO_COIL0.5H,2,7A,,,FALSE
295900-001#,Denso,DENSO_PIEZO,0,40,,,FALSE
295900-002#,Denso,DENSO_PIEZO,0,40,,,FALSE
295900-003#,Denso,DENSO_PIEZO,0,40,,,FALSE
295900-005#,Denso,DENSO_PIEZO,0,33,,,FALSE
295900-006#,Denso,DENSO_PIEZO,0,52,,,FALSE
295900-008#,Denso,DENSO_PIEZO,0,33,,,FALSE
295900-009#,Denso,DENSO_PIEZO,0,52,,,FALSE
295900-010#,Denso,DENSO_PIEZO,0,40,,,FALSE
295900-011#,Denso,DENSO_PIEZO,0,40,,,FALSE
295900-013#,Denso,DENSO_PIEZO,0,40,,,FALSE
295900-017#,Denso,DENSO_PIEZO,0,33,,,FALSE
295900-018#,Denso,DENSO_PIEZO,0,52,,,FALSE
295900-019#,Denso,DENSO_PIEZO,0,1A,,,FALSE
295900-024#,Denso,DENSO_PIEZO,0,1A,,,FALSE
295900-026#,Denso,DENSO_PIEZO,0,3C,,,FALSE
295900-036#,Denso,DENSO_PIEZO,0,33,,,FALSE
295900-037#,Denso,DENSO_PIEZO,0,52,,,FALSE
295900-039#,Denso,DENSO_PIEZO,0,33,,,FALSE
295900-040#,Denso,DENSO_PIEZO,0,52,,,FALSE
295900-042#,Denso,DENSO_PIEZO,0,33,,,FALSE
295900-043#,Denso,DENSO_PIEZO,0,52,,,FALSE
33800-4570#,Denso,DENSO_COIL0.5,0,C0,,,FALSE
33800-5200#,Denso,DENSO_COIL0.5,0,C3,,,FALSE
5-5567729C-A,Denso,DENSO_COIL0.5H,3,FF,,,FALSE
6C1Q-9K546-AC,Denso,DENSO_COIL0.5,1,F0,,,FALSE
6C1Q-9K546-BB,Denso,DENSO_COIL0.5,1,F1,,,FALSE
6C1Q-9K546-BC,Denso,DENSO_COIL0.5,1,F4,,,FALSE
7C16-9K546-AB,Denso,DENSO_COIL0.5,1,F2,,,FALSE
8-97185242-#,Denso,DENSO_COIL0.5,0,D1,,,FALSE
8-97239161-#,Denso,DENSO_COIL3,NO_CODING,,,,FALSE
8-9730671-#,Denso,DENSO_COIL0.5,NO_CODING,,,,FALSE
8-9730673-#,Denso,DENSO_COIL0.5,NO_CODING,,,,FALSE
8-97313861-#,Denso,DENSO_COIL0.5,3,50,,,FALSE
8-97329703-#,Denso,DENSO_COIL0.5,0,55,,,FALSE
8-97353080-#,Denso,DENSO_COIL3,NO_CODING,,,,FALSE
8-97376270-#,Denso,DENSO_COIL0.5,3,5D,,,FALSE
8-97601156-#,Denso,DENSO_COIL0.5,0,58,,,FALSE
8-97602485-#,Denso,DENSO_COIL0.5,0,56,,,FALSE
8-97602803-#,Denso,DENSO_COIL0.5,0,58,,,FALSE
8-97603415-#,Denso,DENSO_COIL0.5,0,5A,,,FALSE
8-97609788-#,Denso,DENSO_COIL0.5,0,64,,,FALSE
8-97609789-#,Denso,DENSO_COIL0.5,0,65,,,FALSE
8-98011604-#,Denso,DENSO_COIL0.5,2,5F,,,FALSE
8-98011605-#,Denso,DENSO_COIL0.5,2,62,,,FALSE
8-98151837-0,Denso,DENSO_COIL0.5,0,55,,,FALSE
8-98160061-#,Denso,DENSO_COIL0.5,0,64,,,FALSE
8-98260109-0,Denso,DENSO_COIL0.5H,2,7A,,,FALSE
9709500-017,Denso,DENSO_COIL0.7,NO_CODING,,,,FALSE
9709500-040,Denso,DENSO_COIL0.7,NO_CODING,,,,FALSE
9709500-051,Denso,DENSO_COIL3,NO_CODING,,,,FALSE
9709500-074,Denso,DENSO_COIL3,NO_CODING,,,,FALSE
9709500-075,Denso,DENSO_COIL3,NO_CODING,,,,FALSE
9709500-103,Denso,DENSO_COIL0.7,NO_CODING,,,,FALSE
9709500-500,Denso,DENSO_COIL0.5,NO_CODING,,,,FALSE
9709500-501,Denso,DENSO_COIL0.5,NO_CODING,,,,FALSE
9709500-508,Denso,DENSO_COIL0.5,3,50,,,FALSE
9709500-513,Denso,DENSO_COIL0.5,NO_CODING,,,,FALSE
9709500-521,Denso,DENSO_COIL0.5,0,72,,,FALSE
9709500-522,Denso,DENSO_COIL0.5,0,62,,,FALSE
9709500-525,Denso,DENSO_COIL1N,0,10,,,FALSE
9709500-534,Denso,DENSO_COIL0.5,0,56,,,FALSE
9709500-547,Denso,DENSO_COIL0.5,0,55,,,FALSE
9709500-551,Denso,DENSO_COIL0.5,0,5A,,,FALSE
9709500-555,Denso,DENSO_COIL0.5,0,C0,,,FALSE
9709500-588,Denso,DENSO_COIL1N,0,22,,,FALSE
9709500-589,Denso,DENSO_COIL1N,0,12,,,FALSE
9709500-602,Denso,DENSO_COIL0.5,0,D1,,,FALSE
9709500-603,Denso,DENSO_COIL0.5,NO_CODING,,,,FALSE
9709500-610,Denso,DENSO_COIL0.5,2,5F,,,FALSE
9709500-613,Denso,DENSO_COIL0.5,3,5D,,,FALSE
9709500-635,Denso,DENSO_COIL0.5,0,21,,,FALSE
9709500-636,Denso,DENSO_COIL0.5,0,64,,,FALSE
9709500-637,Denso,DENSO_COIL0.5,0,65,,,FALSE
9709500-651,Denso,DENSO_COIL0.5,0,2,,,FALSE
9709500-652,Denso,DENSO_COIL0.5,0,3,,,FALSE
9709500-659,Denso,DENSO_COIL0.5,0,41,,,FALSE
9709500-663,Denso,DENSO_COIL0.5,0,DE,,,FALSE
9709500-698,Denso,DENSO_COIL0.5,2,5F,,,FALSE
9709500-699,Denso,DENSO_COIL0.5,2,62,,,FALSE
9709500-714,Denso,DENSO_COIL0.5,0,C3,,,FALSE
9709500-750,Denso,DENSO_COIL0.5,0,96,,,FALSE
9709500-758,Denso,DENSO_COIL1N,0,1,,,FALSE
9709500-771,Denso,DENSO_COIL1N,0,60,,,FALSE
9709500-773,Denso,DENSO_COIL1N,0,12,,,FALSE
9709500-776,Denso,DENSO_COIL1N,0,22,,,FALSE
9709500-778,Denso,DENSO_COIL1N,0,13,,,FALSE
9709500-780,Denso,DENSO_COIL1N,0,23,,,FALSE
9709500-785,Denso,DENSO_COIL0.5,NO_CODING,,,,FALSE
9709500-789,Denso,DENSO_COIL0.5H,0,B3,,,FALSE
9709500-811,Denso,DENSO_COIL0.5,0,99,,,FALSE
9709500-890,Denso,DENSO_COIL0.5,0,55,,,FALSE
9709500-956,Denso,DENSO_COIL0.5,0,97,,,FALSE
9709500-977,Denso,DENSO_COIL1N,0,61,,,FALSE
9709500-978,Denso,DENSO_COIL1N,0,60,,,FALSE
9C1Q-9K546-BA,Denso,DENSO_COIL0.5,1,F6,,,FALSE
D28001801,Denso,DENSO_COIL0.5,0,E7,,,FALSE
R2AA-13H50,Denso,DENSO_COIL0.5,0,A2,,,FALSE
R61540080017A,Denso,DENSO_COIL0.5,0,E3,,,FALSE
RE504181,Denso,DENSO_COIL3,NO_CODING,,,,FALSE
RE508825,Denso,DENSO_COIL3,NO_CODING,,,,FALSE
RE518723,Denso,DENSO_COIL0.5,NO_CODING,,,,FALSE
RE518725,Denso,DENSO_COIL3,NO_CODING,,,,FALSE
RE520240,Denso,DENSO_COIL0.5,NO_CODING,,,,FALSE
RE520333,Denso,DENSO_COIL0.5,NO_CODING,,,,FALSE
RE524382,Denso,DENSO_COIL0.5,NO_CODING,,,,FALSE
RE529117,Denso,DENSO_COIL0.5,NO_CODING,,,,FALSE
RE529118,Denso,DENSO_COIL0.5,NO_CODING,,,,FALSE
RE529149,Denso,DENSO_COIL0.5,NO_CODING,,,,FALSE
RE529414,Denso,DENSO_COIL0.5,NO_CODING,,,,FALSE
RE530362,Denso,DENSO_COIL0.5,NO_CODING,,,,FALSE
RE531209,Denso,DENSO_COIL0.5,NO_CODING,,,,FALSE
RE535961,Denso,DENSO_COIL0.5,NO_CODING,,,,FALSE
RF5C13H50A,Denso,DENSO_COIL0.5,NO_CODING,,,,FALSE
RF5C13H50B,Denso,DENSO_COIL0.5,NO_CODING,,,,FALSE
RF7J13H501,Denso,DENSO_COIL0.5,0,A0,,,FALSE
RF8G13H50,Denso,DENSO_COIL0.5,0,A4,,,FALSE
RF8P13H50A,Denso,DENSO_COIL0.5,0,A3,,,FALSE
RFY013H50B,Denso,DENSO_COIL0.5,NO_CODING,,,,FALSE
S2391-01045,Denso,DENSO_COIL0.7,NO_CODING,,,,FALSE
SH01-13H50,Denso,DENSO_PIEZO,0,3C,,,FALSE
VG1096080010,Denso,DENSO_COIL0.5,0,ED,,,FALSE
VG1246080051,Denso,DENSO_COIL0.5H,0,EB,,,FALSE
77550,Siemens,SIEMENS_PIEZO,NO_CODING,,,,FALSE
174697,Siemens,SIEMENS_PIEZO,1,,,,FALSE
198090,Siemens,SIEMENS_PIEZO,NO_CODING,,,,FALSE
1346476,Siemens,SIEMENS_PIEZO,NO_CODING,,,,FALSE
1348623,Siemens,SIEMENS_PIEZO,NO_CODING,,,,FALSE
1355051,Siemens,SIEMENS_PIEZO,NO_CODING,,,,FALSE
1373549,Siemens,SIEMENS_PIEZO,NO_CODING,,,,FALSE
1373550,Siemens,SIEMENS_PIEZO,NO_CODING,,,,FALSE
1432322,Siemens,SIEMENS_PIEZO,NO_CODING,,,,FALSE
1451604,Siemens,SIEMENS_PIEZO,NO_CODING,,,,FALSE
1469709,Siemens,SIEMENS_PIEZO,NO_CODING,,,,FALSE
1483820,Siemens,SIEMENS_PIEZO,NO_CODING,,,,FALSE
1489400,Siemens,SIEMENS_PIEZO,NO_CODING,,,,FALSE
1489401,Siemens,SIEMENS_PIEZO,NO_CODING,,,,FALSE
1685796,Siemens,SIEMENS_PIEZO,1,,,,FALSE
1709667,Siemens,SIEMENS_PIEZO,1,,,,FALSE
1791017,Siemens,SIEMENS_PIEZO,1,,,,FALSE
1840747,Siemens,SIEMENS_PIEZO,1,,,,FALSE
8603177,Siemens,SIEMENS_PIEZO,NO_CODING,,,,FALSE
8603319,Siemens,SIEMENS_PIEZO,NO_CODING,,,,FALSE
8603564,Siemens,SIEMENS_PIEZO,NO_CODING,,,,FALSE
8603565,Siemens,SIEMENS_PIEZO,NO_CODING,,,,FALSE
18112616,Siemens,SIEMENS_PIEZO,1,,,,FALSE
31216456,Siemens,SIEMENS_PIEZO,NO_CODING,,,,FALSE
31303994,Siemens,SIEMENS_PIEZO,1,,,,FALSE
31321487,Siemens,SIEMENS_PIEZO,1,,,,FALSE
31336585,Siemens,SIEMENS_PIEZO,1,,,,FALSE
36001726,Siemens,SIEMENS_PIEZO,1,,,,FALSE
36001727,Siemens,SIEMENS_PIEZO,1,,,,FALSE
36001728,Siemens,SIEMENS_PIEZO,1,,,,FALSE
36001729,Siemens,SIEMENS_PIEZO,1,,,,FALSE
964957480,Siemens,SIEMENS_PIEZO,NO_CODING,,,,FALSE
1980E6,Siemens,SIEMENS_PIEZO,NO_CODING,,,,FALSE
8200294788,Siemens,SIEMENS_PIEZO,NO_CODING,,,,FALSE
8200380253,Siemens,SIEMENS_PIEZO,NO_CODING,,,,FALSE
8200704191,Siemens,SIEMENS_PIEZO,1,,,,FALSE
8200842205,Siemens,SIEMENS_PIEZO,NO_CODING,,,,FALSE
8200843205,Siemens,SIEMENS_PIEZO,NO_CODING,,,,FALSE
8200903034,Siemens,SIEMENS_PIEZO,1,,,,FALSE
8200952435,Siemens,SIEMENS_PIEZO,1,,,,FALSE
8201041272,Siemens,SIEMENS_PIEZO,1,,,,FALSE
8201042300,Siemens,SIEMENS_PIEZO,NO_CODING,,,,FALSE
9636680280,Siemens,SIEMENS_PIEZO,NO_CODING,,,,FALSE
9636819380,Siemens,SIEMENS_PIEZO,NO_CODING,,,,FALSE
9645988580,Siemens,SIEMENS_PIEZO,NO_CODING,,,,FALSE
9647247280,Siemens,SIEMENS_PIEZO,NO_CODING,,,,FALSE
9648917080,Siemens,SIEMENS_PIEZO,NO_CODING,,,,FALSE
9649574480,Siemens,SIEMENS_PIEZO,NO_CODING,,,,FALSE
9652173680,Siemens,SIEMENS_PIEZO,NO_CODING,,,,FALSE
9652173780,Siemens,SIEMENS_PIEZO,NO_CODING,,,,FALSE
9652707180,Siemens,SIEMENS_PIEZO,NO_CODING,,,,FALSE
9652763180,Siemens,SIEMENS_PIEZO,NO_CODING,,,,FALSE
9652763280,Siemens,SIEMENS_PIEZO,NO_CODING,,,,FALSE
9654550980,Siemens,SIEMENS_PIEZO,NO_CODING,,,,FALSE
9654551080,Siemens,SIEMENS_PIEZO,NO_CODING,,,,FALSE
9655304780,Siemens,SIEMENS_PIEZO,NO_CODING,,,,FALSE
9655304880,Siemens,SIEMENS_PIEZO,NO_CODING,,,,FALSE
9657144580,Siemens,SIEMENS_PIEZO,NO_CODING,,,,FALSE
9657144680,Siemens,SIEMENS_PIEZO,NO_CODING,,,,FALSE
9657144780,Siemens,SIEMENS_PIEZO,NO_CODING,,,,FALSE
9657144880,Siemens,SIEMENS_PIEZO,NO_CODING,,,,FALSE
9659244280,Siemens,SIEMENS_PIEZO,NO_CODING,,,,FALSE
9659337980,Siemens,SIEMENS_PIEZO,NO_CODING,,,,FALSE
9663429280,Siemens,SIEMENS_PIEZO,NO_CODING,,,,FALSE
9672605580,Siemens,SIEMENS_PIEZO,1,,,,FALSE
9674973080,Siemens,SIEMENS_PIEZO,1,,,,FALSE
9676289780,Siemens,SIEMENS_PIEZO,1,,,,FALSE
9683957280,Siemens,SIEMENS_PIEZO,1,,,,FALSE
9715135480,Siemens,SIEMENS_PIEZO,NO_CODING,,,,FALSE
9801125480,Siemens,SIEMENS_PIEZO,1,,,,FALSE
9802448680,Siemens,SIEMENS_PIEZO,1,,,,FALSE
1900E7,Siemens,SIEMENS_PIEZO,NO_CODING,,,,FALSE
1980E8,Siemens,SIEMENS_PIEZO,NO_CODING,,,,FALSE
02C2S40004,Siemens,SIEMENS_PIEZO,NO_CODING,,,,FALSE
03L130277B,Siemens,SIEMENS_PIEZO,1,,,,FALSE
1660000Q0H,Siemens,SIEMENS_PIEZO,NO_CODING,,,,FALSE
1660000Q0P,Siemens,SIEMENS_PIEZO,NO_CODING,,,,FALSE
1660000Q1F,Siemens,SIEMENS_PIEZO,1,,,,FALSE
1660000Q1T,Siemens,SIEMENS_PIEZO,NO_CODING,,,,FALSE
166000372R,Siemens,SIEMENS_PIEZO,1,,,,FALSE
166006212R,Siemens,SIEMENS_PIEZO,1,,,,FALSE
166006526R,Siemens,SIEMENS_PIEZO,1,,,,FALSE
166008052R,Siemens,SIEMENS_PIEZO,1,,,,FALSE
166009445R,Siemens,SIEMENS_PIEZO,NO_CODING,,,,FALSE
1980C0,Siemens,SIEMENS_PIEZO,NO_CODING,,,,FALSE
1980ER,Siemens,SIEMENS_PIEZO,1,,,,FALSE
1980ET,Siemens,SIEMENS_PIEZO,1,,,,FALSE
1980F0,Siemens,SIEMENS_PIEZO,NO_CODING,,,,FALSE
1980H1,Siemens,SIEMENS_PIEZO,NO_CODING,,,,FALSE
1980J1,Siemens,SIEMENS_PIEZO,NO_CODING,,,,FALSE
1980J4,Siemens,SIEMENS_PIEZO,NO_CODING,,,,FALSE
1980J5,Siemens,SIEMENS_PIEZO,NO_CODING,,,,FALSE
1980K5,Siemens,SIEMENS_PIEZO,NO_CODING,,,,FALSE
1980K8,Siemens,SIEMENS_PIEZO,NO_CODING,,,,FALSE
1980R9,Siemens,SIEMENS_PIEZO,1,,,,FALSE
2S6Q-9F593-AA,Siemens,SIEMENS_PIEZO,NO_CODING,,,,FALSE
2S6Q-9F593-AB,Siemens,SIEMENS_PIEZO,NO_CODING,,,,FALSE
2S6Q-9F593-AC,Siemens,SIEMENS_PIEZO,NO_CODING,,,,FALSE
2S6Q-9F593-BC,Siemens,SIEMENS_PIEZO,NO_CODING,,,,FALSE
2S6Q-9F593-BD,Siemens,SIEMENS_PIEZO,NO_CODING,,,,FALSE
3M5Q-9F593-DB,Siemens,SIEMENS_PIEZO,NO_CODING,,,,FALSE
3M5Q-9F593-EA,Siemens,SIEMENS_PIEZO,NO_CODING,,,,FALSE
3M5Q-9F593-EB,Siemens,SIEMENS_PIEZO,NO_CODING,,,,FALSE
3M5Q-9F593-FB,Siemens,SIEMENS_PIEZO,NO_CODING,,,,FALSE
4H2Q-9K546-AE,Siemens,SIEMENS_PIEZO,NO_CODING,,,,FALSE
4H2Q-9K546-AF,Siemens,SIEMENS_PIEZO,NO_CODING,,,,FALSE
4M5Q-9F593-AD,Siemens,SIEMENS_PIEZO,NO_CODING,,,,FALSE
5U3Q-9K546-AA,Siemens,SIEMENS_PIEZO,NO_CODING,,,,FALSE
5WS40000,Siemens,SIEMENS_PIEZO,NO_CODING,,,,FALSE
5WS40000-Z,Siemens,SIEMENS_PIEZO,NO_CODING,,,,FALSE
5WS40007,Siemens,SIEMENS_PIEZO,NO_CODING,,,,FALSE
5WS40044,Siemens,SIEMENS_PIEZO,NO_CODING,,,,FALSE
5WS40063,Siemens,SIEMENS_PIEZO,NO_CODING,,,,FALSE
5WS40086,Siemens,SIEMENS_PIEZO,NO_CODING,,,,FALSE
5WS40087,Siemens,SIEMENS_PIEZO,NO_CODING,,,,FALSE
5WS40103,Siemens,SIEMENS_PIEZO,NO_CODING,,,,FALSE
5WS40148,Siemens,SIEMENS_PIEZO,NO_CODING,,,,FALSE
5WS40148-Z,Siemens,SIEMENS_PIEZO,NO_CODING,,,,FALSE
5WS40149-Z,Siemens,SIEMENS_PIEZO,NO_CODING,,,,FALSE
5WS40156,Siemens,SIEMENS_PIEZO,NO_CODING,,,,FALSE
5WS40156-4,Siemens,SIEMENS_PIEZO,NO_CODING,,,,FALSE
5WS40156-4Z,Siemens,SIEMENS_PIEZO,NO_CODING,,,,FALSE
5WS40156-6,Siemens,SIEMENS_PIEZO,NO_CODING,,,,FALSE
5WS40156-Z,Siemens,SIEMENS_PIEZO,NO_CODING,,,,FALSE
5WS40200,Siemens,SIEMENS_PIEZO,NO_CODING,,,,FALSE
5WS40249,Siemens,SIEMENS_PIEZO,NO_CODING,,,,FALSE
5WS40250,Siemens,SIEMENS_PIEZO,NO_CODING,,,,FALSE
5WS40252,Siemens,SIEMENS_PIEZO,NO_CODING,,,,FALSE
5WS40253,Siemens,SIEMENS_PIEZO,NO_CODING,,,,FALSE
5WS40387,Siemens,SIEMENS_PIEZO,NO_CODING,,,,FALSE
5WS40441,Siemens,SIEMENS_PIEZO,NO_CODING,,,,FALSE
5WS40516,Siemens,SIEMENS_PIEZO,NO_CODING,,,,FALSE
5WS40536,Siemens,SIEMENS_PIEZO,1,,,,FALSE
5WS40539,Siemens,SIEMENS_PIEZO,1,,,,FALSE
5WS40677,Siemens,SIEMENS_PIEZO,1,,,,FALSE
5WS40745,Siemens,SIEMENS_PIEZO,1,,,,FALSE
6H4Q-9K546-DB,Siemens,SIEMENS_PIEZO,NO_CODING,,,,FALSE
6H4Q-9K546-EB,Siemens,SIEMENS_PIEZO,NO_CODING,,,,FALSE
7H2Q-9K546-CB,Siemens,SIEMENS_PIEZO,NO_CODING,,,,FALSE
7T1Q-9F593-AB,Siemens,SIEMENS_PIEZO,NO_CODING,,,,FALSE
9674973080A,Siemens,SIEMENS_PIEZO,1,,,,FALSE
A2C200012054,Siemens,SIEMENS_PIEZO,NO_CODING,,,,FALSE
A2C20009324,Siemens,SIEMENS_PIEZO,NO_CODING,,,,FALSE
A2C20009355,Siemens,SIEMENS_PIEZO,NO_CODING,,,,FALSE
A2C20009366,Siemens,SIEMENS_PIEZO,NO_CODING,,,,FALSE
A2C20009398,Siemens,SIEMENS_PIEZO,NO_CODING,,,,FALSE
A2C20010654,Siemens,SIEMENS_PIEZO,NO_CODING,,,,FALSE
A2C33349200,Siemens,SIEMENS_PIEZO,NO_CODING,,,,FALSE
A2C34821700,Siemens,SIEMENS_PIEZO,NO_CODING,,,,FALSE
A2C34821900,Siemens,SIEMENS_PIEZO,NO_CODING,,,,FALSE
A2C35064400,Siemens,SIEMENS_PIEZO,NO_CODING,,,,FALSE
A2C53100318,Siemens,SIEMENS_PIEZO,NO_CODING,,,,FALSE
A2C53107585,Siemens,SIEMENS_PIEZO,NO_CODING,,,,FALSE
A2C53110641,Siemens,SIEMENS_PIEZO,NO_CODING,,,,FALSE
A2C53122017,Siemens,SIEMENS_PIEZO,NO_CODING,,,,FALSE
A2C53216006,Siemens,SIEMENS_PIEZO,1,,,,FALSE
A2C53218464,Siemens,SIEMENS_PIEZO,1,,,,FALSE
A2C53252642,Siemens,SIEMENS_PIEZO,1,,,,FALSE
A2C53307917,Siemens,SIEMENS_PIEZO,1,,,,FALSE
A2C53381618,Siemens,SIEMENS_PIEZO,1,,,,FALSE
A2C59507596,Siemens,SIEMENS_PIEZO,1,,,,FALSE
A2C59511316,Siemens,SIEMENS_PIEZO,NO_CODING,,,,FALSE
A2C59511364,Siemens,SIEMENS_PIEZO,NO_CODING,,,,FALSE
A2C59511601,Siemens,SIEMENS_PIEZO,NO_CODING,,,,FALSE
A2C59511602,Siemens,SIEMENS_PIEZO,NO_CODING,,,,FALSE
A2C59511606,Siemens,SIEMENS_PIEZO,NO_CODING,,,,FALSE
A2C59511610,Siemens,SIEMENS_PIEZO,NO_CODING,,,,FALSE
A2C59511611,Siemens,SIEMENS_PIEZO,NO_CODING,,,,FALSE
A2C59511612,Siemens,SIEMENS_PIEZO,NO_CODING,,,,FALSE
A2C59513484,Siemens,SIEMENS_PIEZO,1,,,,FALSE
A2C59513553,Siemens,SIEMENS_PIEZO,NO_CODING,,,,FALSE
A2C59513554,Siemens,SIEMENS_PIEZO,1,,,,FALSE
A2C59513556,Siemens,SIEMENS_PIEZO,1,,,,FALSE
A2C59513596,Siemens,SIEMENS_PIEZO,NO_CODING,,,,FALSE
A2C59513597,Siemens,SIEMENS_PIEZO,NO_CODING,,,,FALSE
A2C59517051,Siemens,SIEMENS_PIEZO,1,,,,FALSE
A2C89916400,Siemens,SIEMENS_PIEZO,NO_CODING,,,,FALSE
A2C89916600,Siemens,SIEMENS_PIEZO,NO_CODING,,,,FALSE
AV6Q-9F593-AA,Siemens,SIEMENS_PIEZO,1,,,,FALSE
AV6Q-9F593-AB,Siemens,SIEMENS_PIEZO,1,,,,FALSE
BK2Q-9K546-AE,Siemens,SIEMENS_PIEZO,NO_CODING,,,,FALSE
BK2Q-9K546-AG,Siemens,SIEMENS_PIEZO,1,,,,FALSE
C2S40004,Siemens,SIEMENS_PIEZO,NO_CODING,,,,FALSE
LR005961,Siemens,SIEMENS_PIEZO,NO_CODING,,,,FALSE
LR006495,Siemens,SIEMENS_PIEZO,NO_CODING,,,,FALSE
LR006496,Siemens,SIEMENS_PIEZO,NO_CODING,,,,FALSE
LR008836,Siemens,SIEMENS_PIEZO,NO_CODING,,,,FALSE
LR008837,Siemens,SIEMENS_PIEZO,NO_CODING,,,,FALSE
Y40413250A,Siemens,SIEMENS_PIEZO,NO_CODING,,,,FALSE
0445110002,Bosch,14V,NO_CODING,,,,FALSE
0445110008,Bosch,14V,NO_CODING,,,,FALSE
0445110009,Bosch,14V,NO_CODING,,,,FALSE
0445110010,Bosch,14V,NO_CODING,,,,FALSE
0445110011,Bosch,14V,NO_CODING,,,,FALSE
0445110012,Bosch,14V,NO_CODING,,,,FALSE
0445110014,Bosch,14V,NO_CODING,,,,FALSE
0445110015,Bosch,14V,NO_CODING,,,,FALSE
0445110019,Bosch,14V,NO_CODING,,,,FALSE
0445110020,Bosch,14V,NO_CODING,,,,FALSE
0445110021,Bosch,14V,NO_CODING,,,,FALSE
0445110022,Bosch,14V,NO_CODING,,,,FALSE
0445110023,Bosch,14V,NO_CODING,,,,FALSE
0445110024,Bosch,14V,NO_CODING,,,,FALSE
0445110025,Bosch,14V,NO_CODING,,,,FALSE
0445110028,Bosch,14V,NO_CODING,,,,FALSE
0445110029,Bosch,14V,NO_CODING,,,,FALSE
0445110030,Bosch,14V,NO_CODING,,,,FALSE
0445110031,Bosch,14V,NO_CODING,,,,FALSE
0445110034,Bosch,14V,NO_CODING,,,,FALSE
0445110035,Bosch,14V,NO_CODING,,,,FALSE
0445110036,Bosch,14V,NO_CODING,,,,FALSE
0445110038,Bosch,14V,NO_CODING,,,,FALSE
0445110044,Bosch,14V,NO_CODING,,,,FALSE
0445110045,Bosch,14V,NO_CODING,,,,FALSE
0445110046,Bosch,14V,NO_CODING,,,,FALSE
0445110047,Bosch,14V,NO_CODING,,,,FALSE
0445110048,Bosch,14V,NO_CODING,,,,FALSE
0445110049,Bosch,14V,NO_CODING,,,,FALSE
0445110054,Bosch,14V,NO_CODING,,,,FALSE
0445110055,Bosch,14V,NO_CODING,,,,FALSE
0445110057,Bosch,14V,NO_CODING,,,,FALSE
0445110059,Bosch,14V,NO_CODING,,,,FALSE
0445110062,Bosch,14V,NO_CODING,,,,FALSE
0445110063,Bosch,14V,NO_CODING,,,,FALSE
0445110064,Bosch,14V,NO_CODING,,,,FALSE
0445110065,Bosch,14V,NO_CODING,,,,FALSE
0445110066,Bosch,14V,NO_CODING,,,,FALSE
0445110068,Bosch,14V,NO_CODING,,,,FALSE
0445110069,Bosch,14V,NO_CODING,,,,FALSE
0445110070,Bosch,14V,NO_CODING,,,,FALSE
0445110071,Bosch,14V,NO_CODING,,,,FALSE
0445110072,Bosch,14V,NO_CODING,,,,FALSE
0445110073,Bosch,14V,NO_CODING,,,,FALSE
0445110074,Bosch,14V,NO_CODING,,,,FALSE
0445110075,Bosch,14V,NO_CODING,,,,FALSE
0445110076,Bosch,14V,NO_CODING,,,,FALSE
0445110077,Bosch,14V,NO_CODING,,,,FALSE
0445110078,Bosch,14V,NO_CODING,,,,FALSE
0445110080,Bosch,14V,1,,,0,FALSE
0445110081,Bosch,14V,NO_CODING,,,,FALSE
0445110082,Bosch,14V,NO_CODING,,,,FALSE
0445110083,Bosch,14V,0,,,1,FALSE
0445110084,Bosch,14V,1,,,1,FALSE
0445110085,Bosch,14V,NO_CODING,,,,FALSE
0445110087,Bosch,14V,NO_CODING,,,,FALSE
0445110089,Bosch,14V,NO_CODING,,,,FALSE
0445110090,Bosch,14V,NO_CODING,,,,FALSE
0445110091,Bosch,14V,NO_CODING,,,,FALSE
0445110092,Bosch,14V,NO_CODING,,,,FALSE
0445110093,Bosch,14V,NO_CODING,,,,FALSE
0445110094,Bosch,14V,NO_CODING,,,,FALSE
0445110095,Bosch,14V,NO_CODING,,,,FALSE
0445110096,Bosch,14V,NO_CODING,,,,FALSE
0445110097,Bosch,14V,NO_CODING,,,,FALSE
0445110098,Bosch,14V,NO_CODING,,,,FALSE
0445110099,Bosch,14V,NO_CODING,,,,FALSE
0445110100,Bosch,14V,NO_CODING,,,,FALSE
0445110101,Bosch,14V,NO_CODING,,,,FALSE
0445110102,Bosch,14V,NO_CODING,,,,FALSE
0445110103,Bosch,14V,NO_CODING,,,,FALSE
0445110104,Bosch,14V,NO_CODING,,,,FALSE
0445110105,Bosch,14V,NO_CODING,,,,FALSE
0445110106,Bosch,14V,NO_CODING,,,,FALSE
0445110107,Bosch,14V,NO_CODING,,,,FALSE
0445110108,Bosch,14V,NO_CODING,,,,FALSE
0445110109,Bosch,14V,1,,,1,FALSE
0445110110,Bosch,14V,1,,,1,FALSE
0445110111,Bosch,14V,0,,,1,FALSE
0445110112,Bosch,14V,0,,,1,FALSE
0445110113,Bosch,14V,NO_CODING,,,,FALSE
0445110114,Bosch,14V,NO_CODING,,,,FALSE
0445110115,Bosch,14V,NO_CODING,,,,FALSE
0445110116,Bosch,14V,NO_CODING,,,,FALSE
0445110118,Bosch,14V,NO_CODING,,,,FALSE
0445110119,Bosch,14V,NO_CODING,,,,FALSE
0445110120,Bosch,14V,NO_CODING,,,,FALSE
0445110121,Bosch,14V,NO_CODING,,,,FALSE
0445110122,Bosch,14V,1,,,0,FALSE
0445110125,Bosch,14V,NO_CODING,,,,FALSE
0445110126,Bosch,14V,NO_CODING,,,,FALSE
0445110127,Bosch,14V,1,,,1,FALSE
0445110128,Bosch,14V,NO_CODING,,,,FALSE
0445110129,Bosch,14V,NO_CODING,,,,FALSE
0445110130,Bosch,14V,NO_CODING,,,,FALSE
0445110131,Bosch,14V,1,,,0,FALSE
0445110134,Bosch,14V,NO_CODING,,,,FALSE
0445110135,Bosch,14V,3,,,0,FALSE
0445110136,Bosch,14V,3,,,0,FALSE
0445110137,Bosch,14V,1,,,0,FALSE
0445110138,Bosch,14V,1,,,0,FALSE
0445110139,Bosch,14V,1,,,0,FALSE
0445110140,Bosch,14V,1,,,0,FALSE
0445110141,Bosch,14V,NO_CODING,,,,FALSE
0445110142,Bosch,14V,NO_CODING,,,,FALSE
0445110143,Bosch,14V,NO_CODING,,,,FALSE
0445110144,Bosch,14V,1,,,1,FALSE
0445110145,Bosch,14V,NO_CODING,,,,FALSE
0445110146,Bosch,14V,NO_CODING,,,,FALSE
0445110149,Bosch,14V,1,,,0,FALSE
0445110151,Bosch,14V,NO_CODING,,,,FALSE
0445110152,Bosch,14V,NO_CODING,,,,FALSE
0445110153,Bosch,14V,NO_CODING,,,,FALSE
0445110154,Bosch,14V,NO_CODING,,,,FALSE
0445110155,Bosch,14V,NO_CODING,,,,FALSE
0445110156,Bosch,14V,NO_CODING,,,,FALSE
0445110157,Bosch,14V,1,,,0,FALSE
0445110158,Bosch,14V,1,,,0,FALSE
0445110159,Bosch,14V,0,,,1,FALSE
0445110160,Bosch,14V,1,,,1,FALSE
0445110161,Bosch,14V,2,,,0,FALSE
0445110162,Bosch,14V,1,,,0,FALSE
0445110163,Bosch,14V,1,,,0,FALSE
0445110165,Bosch,14V,0,,,1,FALSE
0445110166,Bosch,14V,1,,,0,FALSE
0445110167,Bosch,14V,1,,,0,FALSE
0445110168,Bosch,14V,1,,,0,FALSE
0445110169,Bosch,14V,1,,,0,FALSE
0445110170,Bosch,14V,NO_CODING,,,,FALSE
0445110171,Bosch,14V,NO_CODING,,,,FALSE
0445110172,Bosch,14V,1,,,1,FALSE
0445110174,Bosch,14V,NO_CODING,,,,FALSE
0445110175,Bosch,14V,NO_CODING,,,,FALSE
0445110176,Bosch,14V,1,,,0,FALSE
0445110177,Bosch,14V,1,,,0,FALSE
0445110178,Bosch,14V,1,,,1,FALSE
0445110181,Bosch,14V,NO_CODING,,,,FALSE
0445110182,Bosch,14V,NO_CODING,,,,FALSE
0445110183,Bosch,14V,0,,,1,FALSE
0445110185,Bosch,14V,NO_CODING,,,,FALSE
0445110186,Bosch,14V,NO_CODING,,,,FALSE
0445110187,Bosch,14V,0,,,2,FALSE
0445110188,Bosch,14V,3,,,0,FALSE
0445110189,Bosch,14V,NO_CODING,,,,FALSE
0445110190,Bosch,14V,NO_CODING,,,,FALSE
0445110191,Bosch,14V,1,,,0,FALSE
0445110192,Bosch,14V,1,,,0,FALSE
0445110193,Bosch,14V,1,,,0,FALSE
0445110194,Bosch,14V,1,,,0,FALSE
0445110195,Bosch,14V,NO_CODING,,,,FALSE
0445110196,Bosch,14V,NO_CODING,,,,FALSE
0445110197,Bosch,14V,NO_CODING,,,,FALSE
0445110198,Bosch,14V,NO_CODING,,,,FALSE
0445110199,Bosch,14V,NO_CODING,,,,FALSE
0445110200,Bosch,14V,NO_CODING,,,,FALSE
0445110201,Bosch,14V,NO_CODING,,,,FALSE
0445110202,Bosch,14V,NO_CODING,,,,FALSE
0445110203,Bosch,14V,NO_CODING,,,,FALSE
0445110204,Bosch,14V,NO_CODING,,,,FALSE
0445110205,Bosch,14V,NO_CODING,,,,FALSE
0445110206,Bosch,14V,NO_CODING,,,,FALSE
0445110207,Bosch,14V,NO_CODING,,,,FALSE
0445110208,Bosch,14V,NO_CODING,,,,FALSE
0445110209,Bosch,14V,2,,,0,FALSE
0445110212,Bosch,14V,2,,,0,FALSE
0445110213,Bosch,14V,0,,,1,FALSE
0445110214,Bosch,14V,NO_CODING,,,,FALSE
0445110215,Bosch,14V,NO_CODING,,,,FALSE
0445110216,Bosch,14V,2,,,0,FALSE
0445110217,Bosch,14V,1,,,0,FALSE
0445110218,Bosch,14V,1,,,0,FALSE
0445110219,Bosch,14V,2,,,0,FALSE
0445110221,Bosch,14V,NO_CODING,,,,FALSE
0445110222,Bosch,14V,NO_CODING,,,,FALSE
0445110223,Bosch,14V,NO_CODING,,,,FALSE
0445110224,Bosch,14V,NO_CODING,,,,FALSE
0445110225,Bosch,14V,NO_CODING,,,,FALSE
0445110227,Bosch,14V,3,,,0,FALSE
0445110229,Bosch,14V,1,,,0,FALSE
0445110230,Bosch,14V,1,,,1,FALSE
0445110231,Bosch,14V,NO_CODING,,,,FALSE
0445110232,Bosch,14V,NO_CODING,,,,FALSE
0445110233,Bosch,14V,NO_CODING,,,,FALSE
0445110236,Bosch,14V,1,,,1,FALSE
0445110237,Bosch,14V,2,,,0,FALSE
0445110238,Bosch,14V,2,,,0,FALSE
0445110239,Bosch,14V,3,,,0,FALSE
0445110243,Bosch,14V,0,,,1,FALSE
0445110244,Bosch,14V,0,,,1,FALSE
0445110247,Bosch,14V,2,,,0,FALSE
0445110248,Bosch,14V,2,,,0,FALSE
0445110249,Bosch,14V,3,,,0,FALSE
0445110250,Bosch,14V,3,,,0,FALSE
0445110251,Bosch,14V,1,,,0,FALSE
0445110252,Bosch,14V,4,,,0,FALSE
0445110253,Bosch,14V,2,,,0,FALSE
0445110254,Bosch,14V,2,,,0,FALSE
0445110255,Bosch,14V,2,,,0,FALSE
0445110256,Bosch,14V,2,,,0,FALSE
0445110257,Bosch,14V,2,,,0,FALSE
0445110258,Bosch,14V,2,,,0,FALSE
0445110259,Bosch,14V,3,,,0,FALSE
0445110260,Bosch,14V,2,,,0,FALSE
0445110261,Bosch,14V,2,,,0,FALSE
0445110262,Bosch,14V,3,,,0,FALSE
0445110263,Bosch,14V,1,,,0,FALSE
0445110264,Bosch,14V,1,,,0,FALSE
0445110265,Bosch,14V,2,,,0,FALSE
0445110266,Bosch,14V,NO_CODING,,,,FALSE
0445110269,Bosch,14V,2,,,0,FALSE
0445110270,Bosch,14V,2,,,0,FALSE
0445110273,Bosch,14V,2,,,0,FALSE
0445110274,Bosch,14V,2,,,0,FALSE
0445110275,Bosch,14V,2,,,0,FALSE
0445110276,Bosch,14V,0,,,1,FALSE
0445110277,Bosch,14V,2,,,0,FALSE
0445110278,Bosch,14V,2,,,0,FALSE
0445110279,Bosch,14V,NO_CODING,,,,FALSE
0445110280,Bosch,14V,2,,,0,FALSE
0445110281,Bosch,14V,4,,,0,FALSE
0445110283,Bosch,14V,NO_CODING,,,,FALSE
0445110284,Bosch,14V,1,,,0,FALSE
0445110285,Bosch,14V,3,,,0,FALSE
0445110286,Bosch,14V,1,,,0,FALSE
0445110287,Bosch,14V,2,,,2,FALSE
0445110288,Bosch,14V,1,,,1,FALSE
0445110289,Bosch,14V,2,,,0,FALSE
0445110290,Bosch,14V,NO_CODING,,,,FALSE
0445110291,Bosch,14V,2,,,0,FALSE
0445110293,Bosch,14V,2,,,0,FALSE
0445110294,Bosch,14V,1,,,0,FALSE
0445110295,Bosch,14V,1,,,0,FALSE
0445110296,Bosch,14V,1,,,1,FALSE
0445110297,Bosch,14V,4,,,0,FALSE
0445110298,Bosch,14V,2,,,0,FALSE
0445110299,Bosch,14V,0,,,1,FALSE
0445110300,Bosch,14V,0,,,1,FALSE
0445110301,Bosch,14V,2,,,0,FALSE
0445110302,Bosch,14V,2,,,0,FALSE
0445110303,Bosch,14V,2,,,0,FALSE
0445110304,Bosch,14V,2,,,0,FALSE
0445110305,Bosch,14V,2,,,0,FALSE
0445110306,Bosch,14V,NO_CODING,,,,FALSE
0445110307,Bosch,14V,NO_CODING,,,,FALSE
0445110308,Bosch,14V,0,,,1,FALSE
0445110309,Bosch,14V,0,,,1,FALSE
0445110310,Bosch,14V,2,,,0,FALSE
0445110311,Bosch,14V,4,,,0,FALSE
0445110312,Bosch,14V,2,,,0,FALSE
0445110313,Bosch,14V,2,,,0,FALSE
0445110315,Bosch,14V,1,,,0,FALSE
0445110316,Bosch,14V,0,,,1,FALSE
0445110317,Bosch,14V,2,,,0,FALSE
0445110318,Bosch,14V,2,,,0,FALSE
0445110319,Bosch,14V,2,,,0,FALSE
0445110320,Bosch,14V,2,,,0,FALSE
0445110321,Bosch,14V,2,,,0,FALSE
0445110322,Bosch,14V,0,,,1,FALSE
0445110323,Bosch,14V,1,,,0,FALSE
0445110324,Bosch,14V,1,,,0,FALSE
0445110325,Bosch,14V,0,,,1,FALSE
0445110326,Bosch,14V,0,,,1,FALSE
0445110327,Bosch,14V,0,,,1,FALSE
0445110328,Bosch,14V,2,,,0,FALSE
0445110329,Bosch,14V,2,,,0,FALSE
0445110330,Bosch,14V,2,,,0,FALSE
0445110331,Bosch,14V,0,,,1,FALSE
0445110332,Bosch,14V,2,,,0,FALSE
0445110333,Bosch,14V,2,,,0,FALSE
0445110335,Bosch,14V,2,,,0,FALSE
0445110336,Bosch,14V,NO_CODING,,,,FALSE
0445110337,Bosch,14V,NO_CODING,,,,FALSE
0445110338,Bosch,14V,2,,,0,FALSE
0445110339,Bosch,14V,4,,,0,FALSE
0445110340,Bosch,14V,4,,,0,FALSE
0445110342,Bosch,14V,2,,,0,FALSE
0445110343,Bosch,14V,2,,,0,FALSE
0445110344,Bosch,14V,2,,,0,FALSE
0445110345,Bosch,14V,2,,,0,FALSE
0445110346,Bosch,14V,2,,,0,FALSE
0445110347,Bosch,14V,2,,,0,FALSE
0445110348,Bosch,14V,2,,,0,FALSE
0445110351,Bosch,14V-01,0,,,1,FALSE
0445110352,Bosch,14V,4,,,0,FALSE
0445110353,Bosch,14V,4,,,0,FALSE
0445110354,Bosch,14V,2,,,0,FALSE
0445110355,Bosch,14V,2,,,0,FALSE
0445110356,Bosch,14V,2,,,0,FALSE
0445110357,Bosch,14V,2,,,0,FALSE
0445110361,Bosch,14V,2,,,0,FALSE
0445110362,Bosch,14V,2,,,0,FALSE
0445110363,Bosch,14V,2,,,0,FALSE
0445110364,Bosch,14V,2,,,0,FALSE
0445110365,Bosch,14V,2,,,0,FALSE
0445110368,Bosch,14V-03,2,,,0,FALSE
0445110369,Bosch,14V-03,2,,,0,FALSE
0445110370,Bosch,14V,2,,,0,FALSE
0445110372,Bosch,14V,2,,,0,FALSE
0445110373,Bosch,14V,2,,,0,FALSE
0445110374,Bosch,14V,2,,,0,FALSE
0445110375,Bosch,14V,2,,,0,FALSE
0445110376,Bosch,14V,2,,,0,FALSE
0445110377,Bosch,14V,2,,,0,FALSE
0445110378,Bosch,14V,2,,,0,FALSE
0445110379,Bosch,14V,2,,,0,FALSE
0445110380,Bosch,14V,2,,,0,FALSE
0445110381,Bosch,14V,2,,,0,FALSE
0445110382,Bosch,14V-03,2,,,0,FALSE
0445110387,Bosch,14V,2,,,0,FALSE
0445110388,Bosch,14V,2,,,0,FALSE
0445110391,Bosch,14V,0,,,1,FALSE
0445110395,Bosch,14V,2,,,0,FALSE
0445110398,Bosch,14V-01,NO_CODING,,,,FALSE
0445110400,Bosch,14V,2,,,0,FALSE
0445110401,Bosch,14V,2,,,0,FALSE
0445110404,Bosch,14V,2,,,0,FALSE
0445110407,Bosch,14V,2,,,0,FALSE
0445110408,Bosch,14V,2,,,0,FALSE
0445110409,Bosch,14V,2,,,0,FALSE
0445110410,Bosch,14V,2,,,0,FALSE
0445110411,Bosch,14V,2,,,0,FALSE
0445110412,Bosch,14V,2,,,0,FALSE
0445110414,Bosch,14V-03,2,,,0,FALSE
0445110416,Bosch,14V,2,,,0,FALSE
0445110417,Bosch,14V,2,,,0,FALSE
0445110418,Bosch,14V-01,2,,,0,FALSE
0445110419,Bosch,14V-01,0,,,1,FALSE
0445110420,Bosch,14V,2,,,0,FALSE
0445110421,Bosch,14V,2,,,0,FALSE
0445110422,Bosch,14V,2,,,0,FALSE
0445110423,Bosch,14V,NO_CODING,,,,FALSE
0445110424,Bosch,14V,2,,,0,FALSE
0445110425,Bosch,14V,NO_CODING,,,,FALSE
0445110427,Bosch,14V,2,,,0,FALSE
0445110430,Bosch,14V-03,2,,,0,FALSE
0445110435,Bosch,14V,2,,,0,FALSE
0445110436,Bosch,14V,NO_CODING,,,,FALSE
0445110439,Bosch,14V,NO_CODING,,,,FALSE
0445110441,Bosch,14V,1,,,0,FALSE
0445110442,Bosch,14V,2,,,0,FALSE
0445110443,Bosch,14V,2,,,0,FALSE
0445110444,Bosch,14V,NO_CODING,,,,FALSE
0445110445,Bosch,14V,2,,,0,FALSE
0445110446,Bosch,14V,2,,,0,FALSE
0445110447,Bosch,14V,2,,,0,FALSE
0445110448,Bosch,14V,2,,,0,FALSE
0445110449,Bosch,14V,2,,,0,FALSE
0445110450,Bosch,14V,NO_CODING,,,,FALSE
0445110451,Bosch,14V,2,,,0,FALSE
0445110454,Bosch,14V,2,,,0,FALSE
0445110455,Bosch,14V,2,,,0,FALSE
0445110457,Bosch,14V,2,,,0,FALSE
0445110462,Bosch,14V,2,,,0,FALSE
0445110463,Bosch,14V,2,,,0,FALSE
0445110464,Bosch,14V,2,,,0,FALSE
0445110465,Bosch,14V,2,,,0,FALSE
0445110466,Bosch,14V,2,,,0,FALSE
0445110478,Bosch,14V-03,2,,,0,FALSE
0445110479,Bosch,14V-03,2,,,0,FALSE
0445110480,Bosch,14V-03,2,,,0,FALSE
0445110481,Bosch,14V,2,,,0,FALSE
0445110482,Bosch,14V,2,,,0,FALSE
0445110483,Bosch,14V,2,,,0,FALSE
0445110484,Bosch,14V,2,,,0,FALSE
0445110485,Bosch,14V-03,2,,,0,FALSE
0445110486,Bosch,14V,2,,,0,FALSE
0445110489,Bosch,14V,4,,,0,FALSE
0445110496,Bosch,14V,1,,,0,FALSE
0445110497,Bosch,14V,NO_CODING,,,,FALSE
0445110498,Bosch,14V,2,,,0,FALSE
0445110499,Bosch,14V,2,,,0,FALSE
0445110502,Bosch,14V,2,,,0,FALSE
0445110506,Bosch,14V,2,,,0,FALSE
0445110507,Bosch,14V,2,,,0,FALSE
0445110508,Bosch,14V,2,,,0,FALSE
0445110509,Bosch,14V,NO_CODING,,,,FALSE
0445110510,Bosch,14V-03,2,,,0,FALSE
0445110511,Bosch,14V,2,,,0,FALSE
0445110512,Bosch,14V,2,,,0,FALSE
0445110515,Bosch,14V,2,,,0,FALSE
0445110516,Bosch,14V,NO_CODING,,,,FALSE
0445110517,Bosch,14V,NO_CODING,,,,FALSE
0445110519,Bosch,14V,NO_CODING,,,,FALSE
0445110520,Bosch,14V-01,2,,,0,FALSE
0445110521,Bosch,14V,2,,,0,FALSE
0445110524,Bosch,14V-01,0,,,1,FALSE
0445110531,Bosch,14V,NO_CODING,,,,FALSE
0445110532,Bosch,14V-03,1,,,0,FALSE
0445110533,Bosch,14V,NO_CODING,,,,FALSE
0445110537,Bosch,14V,NO_CODING,,,,FALSE
0445110539,Bosch,14V,NO_CODING,,,,FALSE
0445110540,Bosch,14V,2,,,0,FALSE
0445110541,Bosch,14V,2,,,0,FALSE
0445110543,Bosch,14V,2,,,0,FALSE
0445110545,Bosch,14V,2,,,0,FALSE
0445110547,Bosch,14V,1,,,0,FALSE
0445110549,Bosch,14V,NO_CODING,,,,FALSE
0445110557,Bosch,14V,1,,,0,FALSE
0445110558,Bosch,14V,2,,,0,FALSE
0445110559,Bosch,14V,2,,,0,FALSE
0445110560,Bosch,14V,2,,,0,FALSE
0445110561,Bosch,14V,2,,,0,FALSE
0445110565,Bosch,14V,4,,,0,FALSE
0445110566,Bosch,14V,4,,,0,FALSE
0445110577,Bosch,14V,2,,,0,FALSE
0445110580,Bosch,14V,1,,,0,FALSE
0445110594,Bosch,14V,2,,,0,FALSE
0445110595,Bosch,14V-03,2,,,0,FALSE
0445110596,Bosch,14V-03,2,,,0,FALSE
0445110600,Bosch,14V,2,,,0,FALSE
0445110601,Bosch,14V,2,,,0,FALSE
0445110610,Bosch,14V,2,,,0,FALSE
0445110614,Bosch,14V-01,0,,,1,FALSE
0445110616,Bosch,14V-03,2,,,0,FALSE
0445110617,Bosch,14V-03,2,,,0,FALSE
0445110618,Bosch,14V-01,0,,,1,FALSE
0445110623,Bosch,14V,NO_CODING,,,,FALSE
0445110628,Bosch,14V,2,,,0,FALSE
0445110629,Bosch,14V,2,,,0,FALSE
0445110630,Bosch,14V,2,,,0,FALSE
0445110631,Bosch,14V,2,,,0,FALSE
0445110646,Bosch,14V-03,2,,,0,FALSE
0445110647,Bosch,14V-03,2,,,0,FALSE
0445110669,Bosch,14V,2,,,0,FALSE
0445110670,Bosch,14V,2,,,0,FALSE
0445110679,Bosch,14V,2,,,0,FALSE
0445110680,Bosch,14V-01,0,,,1,FALSE
0445110682,Bosch,14V-01,0,,,1,FALSE
0445110688,Bosch,14V-03,2,,,0,FALSE
0445110689,Bosch,14V-03,2,,,0,FALSE
0445110691,Bosch,14V,2,,,0,FALSE
0445110698,Bosch,14V,NO_CODING,,,,FALSE
0445110709,Bosch,14V,NO_CODING,,,,FALSE
0445110710,Bosch,14V,2,,,0,FALSE
0445110724,Bosch,14V,2,,,0,FALSE
0445110725,Bosch,14V,2,,,0,FALSE
0445110726,Bosch,14V,2,,,0,FALSE
0445110727,Bosch,14V,2,,,0,FALSE
0445110729,Bosch,14V,NO_CODING,,,,FALSE
0445110730,Bosch,14V,NO_CODING,,,,FALSE
0445110731,Bosch,14V,NO_CODING,,,,FALSE
0445110739,Bosch,14V,4,,,0,FALSE
0445110762,Bosch,14V,NO_CODING,,,,FALSE
0445110763,Bosch,14V,NO_CODING,,,,FALSE
0445110764,Bosch,14V,NO_CODING,,,,FALSE
0445110797,Bosch,14V-03,2,,,0,FALSE
0445110810,Bosch,14V,NO_CODING,,,,FALSE
0445115003,Bosch,BOSCH_PIEZO,5,,,0,FALSE
0445115004,Bosch,BOSCH_PIEZO,5,,,0,FALSE
0445115007,Bosch,BOSCH_PIEZO,5,,,0,FALSE
0445115008,Bosch,BOSCH_PIEZO,NO_CODING,,,,FALSE
0445115009,Bosch,BOSCH_PIEZO,NO_CODING,,,,FALSE
0445115014,Bosch,BOSCH_PIEZO,5,,,0,FALSE
0445115015,Bosch,BOSCH_PIEZO,5,,,0,FALSE
0445115016,Bosch,BOSCH_PIEZO,NO_CODING,,,,FALSE
0445115017,Bosch,BOSCH_PIEZO,NO_CODING,,,,FALSE
0445115018,Bosch,BOSCH_PIEZO,5,,,0,FALSE
0445115019,Bosch,BOSCH_PIEZO,5,,,0,FALSE
0445115020,Bosch,BOSCH_PIEZO,NO_CODING,,,,FALSE
0445115021,Bosch,BOSCH_PIEZO,NO_CODING,,,,FALSE
0445115022,Bosch,BOSCH_PIEZO,NO_CODING,,,,FALSE
0445115023,Bosch,BOSCH_PIEZO,5,,,0,FALSE
0445115024,Bosch,BOSCH_PIEZO,5,,,0,FALSE
0445115025,Bosch,BOSCH_PIEZO,NO_CODING,,,,FALSE
0445115026,Bosch,BOSCH_PIEZO,NO_CODING,,,,FALSE
0445115027,Bosch,BOSCH_PIEZO,NO_CODING,,,,FALSE
0445115028,Bosch,BOSCH_PIEZO,NO_CODING,,,,FALSE
0445115029,Bosch,BOSCH_PIEZO,NO_CODING,,,,FALSE
0445115032,Bosch,BOSCH_PIEZO,5,,,0,FALSE
0445115033,Bosch,BOSCH_PIEZO,5,,,0,FALSE
0445115034,Bosch,BOSCH_PIEZO,5,,,0,FALSE
0445115035,Bosch,BOSCH_PIEZO,5,,,0,FALSE
0445115036,Bosch,BOSCH_PIEZO,5,,,0,FALSE
0445115037,Bosch,BOSCH_PIEZO,5,,,0,FALSE
0445115038,Bosch,BOSCH_PIEZO,5,,,0,FALSE
0445115039,Bosch,BOSCH_PIEZO,5,,,0,FALSE
0445115040,Bosch,BOSCH_PIEZO,NO_CODING,,,,FALSE
0445115041,Bosch,BOSCH_PIEZO,NO_CODING,,,,FALSE
0445115042,Bosch,BOSCH_PIEZO,NO_CODING,,,,FALSE
0445115043,Bosch,BOSCH_PIEZO,NO_CODING,,,,FALSE
0445115044,Bosch,BOSCH_PIEZO,NO_CODING,,,,FALSE
0445115045,Bosch,BOSCH_PIEZO,NO_CODING,,,,FALSE
0445115046,Bosch,BOSCH_PIEZO,NO_CODING,,,,FALSE
0445115047,Bosch,BOSCH_PIEZO,NO_CODING,,,,FALSE
0445115048,Bosch,BOSCH_PIEZO,NO_CODING,,,,FALSE
0445115049,Bosch,BOSCH_PIEZO,5,,,0,FALSE
0445115050,Bosch,BOSCH_PIEZO,5,,,0,FALSE
0445115051,Bosch,BOSCH_PIEZO,5,,,0,FALSE
0445115052,Bosch,BOSCH_PIEZO,5,,,0,FALSE
0445115053,Bosch,BOSCH_PIEZO,5,,,0,FALSE
0445115054,Bosch,BOSCH_PIEZO,5,,,0,FALSE
0445115055,Bosch,BOSCH_PIEZO,5,,,0,FALSE
0445115056,Bosch,BOSCH_PIEZO,5,,,0,FALSE
0445115057,Bosch,BOSCH_PIEZO,NO_CODING,,,,FALSE
0445115058,Bosch,BOSCH_PIEZO,NO_CODING,,,,FALSE
0445115059,Bosch,BOSCH_PIEZO,NO_CODING,,,,FALSE
0445115060,Bosch,BOSCH_PIEZO,NO_CODING,,,,FALSE
0445115061,Bosch,BOSCH_PIEZO,5,,,0,FALSE
0445115062,Bosch,BOSCH_PIEZO,5,,,0,FALSE
0445115063,Bosch,BOSCH_PIEZO,NO_CODING,,,,FALSE
0445115064,Bosch,BOSCH_PIEZO,NO_CODING,,,,FALSE
0445115065,Bosch,BOSCH_PIEZO,5,,,0,FALSE
0445115066,Bosch,BOSCH_PIEZO,5,,,0,FALSE
0445115067,Bosch,BOSCH_PIEZO,5,,,0,FALSE
0445115068,Bosch,BOSCH_PIEZO,5,,,0,FALSE
0445115069,Bosch,BOSCH_PIEZO,5,,,0,FALSE
0445115070,Bosch,BOSCH_PIEZO,NO_CODING,,,,FALSE
0445115071,Bosch,BOSCH_PIEZO,NO_CODING,,,,FALSE
0445115072,Bosch,BOSCH_PIEZO,NO_CODING,,,,FALSE
0445115075,Bosch,BOSCH_PIEZO,NO_CODING,,,,FALSE
0445115076,Bosch,BOSCH_PIEZO,NO_CODING,,,,FALSE
0445115077,Bosch,BOSCH_PIEZO,5,,,0,FALSE
0445115078,Bosch,BOSCH_PIEZO,5,,,0,FALSE
0445115079,Bosch,BOSCH_PIEZO,5,,,0,FALSE
0445115080,Bosch,BOSCH_PIEZO,5,,,0,FALSE
0445115081,Bosch,BOSCH_PIEZO,5,,,0,FALSE
0445115082,Bosch,BOSCH_PIEZO,5,,,0,FALSE
0445115083,Bosch,BOSCH_PIEZO,5,,,0,FALSE
0445115084,Bosch,BOSCH_PIEZO,NO_CODING,,,,FALSE
0445115085,Bosch,BOSCH_PIEZO,NO_CODING,,,,FALSE
0445115086,Bosch,BOSCH_PIEZO,NO_CODING,,,,FALSE
0445115087,Bosch,BOSCH_PIEZO,5,,,0,FALSE
0445116001,Bosch,BOSCH_PIEZO,5,,,0,FALSE
0445116002,Bosch,BOSCH_PIEZO,5,,,0,FALSE
0445116003,Bosch,BOSCH_PIEZO,5,,,0,FALSE
0445116004,Bosch,BOSCH_PIEZO,5,,,0,FALSE
0445116005,Bosch,BOSCH_PIEZO,5,,,0,FALSE
0445116006,Bosch,BOSCH_PIEZO,5,,,0,FALSE
0445116007,Bosch,BOSCH_PIEZO,5,,,0,FALSE
0445116008,Bosch,BOSCH_PIEZO,5,,,0,FALSE
0445116009,Bosch,BOSCH_PIEZO,5,,,0,FALSE
0445116010,Bosch,BOSCH_PIEZO,NO_CODING,,,,FALSE
0445116011,Bosch,BOSCH_PIEZO,NO_CODING,,,,FALSE
0445116012,Bosch,BOSCH_PIEZO,NO_CODING,,,,FALSE
0445116013,Bosch,BOSCH_PIEZO,NO_CODING,,,,FALSE
0445116014,Bosch,BOSCH_PIEZO,5,,,0,FALSE
0445116015,Bosch,BOSCH_PIEZO,5,,,0,FALSE
0445116016,Bosch,BOSCH_PIEZO,5,,,0,FALSE
0445116017,Bosch,BOSCH_PIEZO,NO_CODING,,,0,FALSE
0445116018,Bosch,BOSCH_PIEZO,NO_CODING,,,0,FALSE
0445116019,Bosch,BOSCH_PIEZO,NO_CODING,,,,FALSE
0445116022,Bosch,BOSCH_PIEZO,5,,,0,FALSE
0445116023,Bosch,BOSCH_PIEZO,5,,,0,FALSE
0445116024,Bosch,BOSCH_PIEZO,5,,,0,FALSE
0445116025,Bosch,BOSCH_PIEZO,5,,,0,FALSE
0445116026,Bosch,BOSCH_PIEZO,5,,,0,FALSE
0445116027,Bosch,BOSCH_PIEZO,NO_CODING,,,,FALSE
0445116028,Bosch,BOSCH_PIEZO,NO_CODING,,,,FALSE
0445116029,Bosch,BOSCH_PIEZO,5,,,0,FALSE
0445116030,Bosch,BOSCH_PIEZO,5,,,0,FALSE
0445116033,Bosch,BOSCH_PIEZO,NO_CODING,,,,FALSE
0445116034,Bosch,BOSCH_PIEZO,5,,,0,FALSE
0445116035,Bosch,BOSCH_PIEZO,5,,,0,FALSE
0445116036,Bosch,BOSCH_PIEZO,5,,,0,FALSE
0445116037,Bosch,BOSCH_PIEZO,5,,,0,FALSE
0445116039,Bosch,BOSCH_PIEZO,NO_CODING,,,,FALSE
0445116040,Bosch,BOSCH_PIEZO,NO_CODING,,,,FALSE
0445116041,Bosch,BOSCH_PIEZO,NO_CODING,,,,FALSE
0445116043,Bosch,BOSCH_PIEZO,5,,,0,FALSE
0445116044,Bosch,BOSCH_PIEZO,,,,,FALSE
0445116045,Bosch,BOSCH_PIEZO,NO_CODING,,,,FALSE
0445116046,Bosch,BOSCH_PIEZO,NO_CODING,,,,FALSE
0445116047,Bosch,BOSCH_PIEZO,5,,,0,FALSE
0445116048,Bosch,BOSCH_PIEZO,5,,,0,FALSE
0445116049,Bosch,BOSCH_PIEZO,5,,,0,FALSE
0445116051,Bosch,BOSCH_PIEZO,5,,,0,FALSE
0445116053,Bosch,BOSCH_PIEZO,5,,,0,FALSE
0445116054,Bosch,BOSCH_PIEZO,,,,,FALSE
0445116055,Bosch,BOSCH_PIEZO,5,,,0,FALSE
0445116056,Bosch,BOSCH_PIEZO,5,,,0,FALSE
0445116058,Bosch,BOSCH_PIEZO,5,,,0,FALSE
0445116059,Bosch,BOSCH_PIEZO,NO_CODING,,,,FALSE
0445116065,Bosch,BOSCH_PIEZO,5,,,0,FALSE
0445116067,Bosch,BOSCH_PIEZO,5,,,0,FALSE
0445116069,Bosch,BOSCH_PIEZO,5,,,0,FALSE
0445117002,Bosch,BOSCH_PIEZO,NO_CODING,,,,FALSE
0445117003,Bosch,BOSCH_PIEZO,NO_CODING,,,,FALSE
0445117004,Bosch,BOSCH_PIEZO,NO_CODING,,,,FALSE
0445117005,Bosch,BOSCH_PIEZO,NO_CODING,,,,FALSE
0445117008,Bosch,BOSCH_PIEZO,NO_CODING,,,,FALSE
0445117010,Bosch,BOSCH_PIEZO,NO_CODING,,,,FALSE
0445117011,Bosch,BOSCH_PIEZO,NO_CODING,,,,FALSE
0445117012,Bosch,BOSCH_PIEZO,NO_CODING,,,,FALSE
0445117017,Bosch,BOSCH_PIEZO,NO_CODING,,,,FALSE
0445117019,Bosch,BOSCH_PIEZO,NO_CODING,,,,FALSE
0445117020,Bosch,BOSCH_PIEZO,NO_CODING,,,,FALSE
0445117021,Bosch,BOSCH_PIEZO,NO_CODING,,,,FALSE
0445117022,Bosch,BOSCH_PIEZO,NO_CODING,,,,FALSE
0445117023,Bosch,BOSCH_PIEZO,NO_CODING,,,,FALSE
0445117024,Bosch,BOSCH_PIEZO,NO_CODING,,,,FALSE
0445117025,Bosch,BOSCH_PIEZO,NO_CODING,,,,FALSE
0445117026,Bosch,BOSCH_PIEZO,NO_CODING,,,,FALSE
0445117027,Bosch,BOSCH_PIEZO,NO_CODING,,,,FALSE
0445117029,Bosch,BOSCH_PIEZO,NO_CODING,,,,FALSE
0445117030,Bosch,BOSCH_PIEZO,NO_CODING,,,,FALSE
0445117031,Bosch,BOSCH_PIEZO,NO_CODING,,,,FALSE
0445117032,Bosch,BOSCH_PIEZO,NO_CODING,,,,FALSE
0445117033,Bosch,BOSCH_PIEZO,NO_CODING,,,,FALSE
0445117034,Bosch,BOSCH_PIEZO,NO_CODING,,,,FALSE
0445117035,Bosch,BOSCH_PIEZO,NO_CODING,,,,FALSE
0445117036,Bosch,BOSCH_PIEZO,NO_CODING,,,,FALSE
0445117037,Bosch,BOSCH_PIEZO,NO_CODING,,,,FALSE
0445117038,Bosch,BOSCH_PIEZO,NO_CODING,,,,FALSE
0445117039,Bosch,BOSCH_PIEZO,NO_CODING,,,,FALSE
0445117040,Bosch,BOSCH_PIEZO,NO_CODING,,,,FALSE
0445117046,Bosch,BOSCH_PIEZO,NO_CODING,,,,FALSE
0445117048,Bosch,BOSCH_PIEZO,NO_CODING,,,,FALSE
0445120002,Bosch,28V-04,NO_CODING,,,,FALSE
0445120003,Bosch,28V-04,NO_CODING,,,,FALSE
0445120004,Bosch,28V-04,NO_CODING,,,,FALSE
0445120006,Bosch,28V-04,NO_CODING,,,,FALSE
0445120007,Bosch,28V-04,NO_CODING,,,,FALSE
0445120008,Bosch,28V-04,NO_CODING,,,,FALSE
0445120009,Bosch,28V-04,NO_CODING,,,,FALSE
0445120010,Bosch,28V-04,NO_CODING,,,,FALSE
0445120011,Bosch,28V-04,NO_CODING,,,,FALSE
0445120012,Bosch,28V,NO_CODING,,,,FALSE
0445120013,Bosch,28V,NO_CODING,,,,FALSE
0445120014,Bosch,28V-04,NO_CODING,,,,FALSE
0445120015,Bosch,28V-04,NO_CODING,,,,FALSE
0445120016,Bosch,28V,NO_CODING,,,,FALSE
0445120017,Bosch,28V,NO_CODING,,,,FALSE
0445120018,Bosch,28V-04,NO_CODING,,,,FALSE
0445120019,Bosch,28V,NO_CODING,,,,FALSE
0445120020,Bosch,28V,NO_CODING,,,,FALSE
0445120024,Bosch,28V-23,NO_CODING,,,,FALSE
0445120025,Bosch,28V-04,NO_CODING,,,,FALSE
0445120027,Bosch,28V-28,NO_CODING,,,,FALSE
0445120028,Bosch,28V-04,NO_CODING,,,,FALSE
0445120029,Bosch,28V-04,NO_CODING,,,,FALSE
0445120030,Bosch,28V-23,NO_CODING,,,,FALSE
0445120031,Bosch,28V-04,NO_CODING,,,,FALSE
0445120032,Bosch,28V-04,NO_CODING,,,,FALSE
0445120033,Bosch,28V-04,NO_CODING,,,,FALSE
0445120034,Bosch,28V-04,NO_CODING,,,,FALSE
0445120035,Bosch,28V-04,NO_CODING,,,,FALSE
0445120036,Bosch,28V-04,NO_CODING,,,,FALSE
0445120037,Bosch,28V,NO_CODING,,,,FALSE
0445120038,Bosch,28V-04,NO_CODING,,,,FALSE
0445120040,Bosch,28V-04,NO_CODING,,,,FALSE
0445120041,Bosch,28V-04,NO_CODING,,,,FALSE
0445120042,Bosch,28V-24,NO_CODING,,,,FALSE
0445120043,Bosch,28V-04,NO_CODING,,,,FALSE
0445120044,Bosch,28V-23,NO_CODING,,,,FALSE
0445120045,Bosch,28V-NA,NO_CODING,,,,FALSE
0445120046,Bosch,28V-04,NO_CODING,,,,FALSE
0445120047,Bosch,28V-11,NO_CODING,,,,FALSE
0445120048,Bosch,28V-18,NO_CODING,,,,FALSE
0445120049,Bosch,28V-11,NO_CODING,,,,FALSE
0445120050,Bosch,28V-26,NO_CODING,,,,FALSE
0445120051,Bosch,28V-04,NO_CODING,,,,FALSE
0445120052,Bosch,28V-04,NO_CODING,,,,FALSE
0445120053,Bosch,28V-25,NO_CODING,,,,FALSE
0445120054,Bosch,28V-25,NO_CODING,,,,FALSE
0445120055,Bosch,28V-25,NO_CODING,,,,FALSE
0445120056,Bosch,28V-16,NO_CODING,,,,FALSE
0445120057,Bosch,28V-25,NO_CODING,,,,FALSE
0445120058,Bosch,28V-13,NO_CODING,,,,FALSE
0445120059,Bosch,28V-04,NO_CODING,,,,FALSE
0445120060,Bosch,28V,NO_CODING,,,,FALSE
0445120061,Bosch,28V-23,NO_CODING,,,,FALSE
0445120062,Bosch,28V-25,NO_CODING,,,,FALSE
0445120063,Bosch,28V-25,NO_CODING,,,,FALSE
0445120064,Bosch,28V-25,NO_CODING,,,,FALSE
0445120065,Bosch,28V-25,NO_CODING,,,,FALSE
0445120066,Bosch,28V-25,NO_CODING,,,,FALSE
0445120067,Bosch,28V-25,NO_CODING,,,,FALSE
0445120068,Bosch,28V-NA,NO_CODING,,,,FALSE
0445120069,Bosch,28V-04,NO_CODING,,,,FALSE
0445120070,Bosch,28V-04,NO_CODING,,,,FALSE
0445120071,Bosch,28V-22,NO_CODING,,,,FALSE
0445120072,Bosch,28V-33,NO_CODING,,,,FALSE
0445120073,Bosch,28V-33,NO_CODING,,,,FALSE
0445120074,Bosch,28V-25,NO_CODING,,,,FALSE
0445120075,Bosch,28V-25,NO_CODING,,,,FALSE
0445120076,Bosch,28V-15,NO_CODING,,,,FALSE
0445120077,Bosch,28V-04,NO_CODING,,,,FALSE
0445120078,Bosch,28V-25,NO_CODING,,,,FALSE
0445120079,Bosch,28V-04,NO_CODING,,,,FALSE
0445120080,Bosch,28V-25,NO_CODING,,,,FALSE
0445120081,Bosch,28V-25,NO_CODING,,,,FALSE
0445120082,Bosch,28V-24,NO_CODING,,,,FALSE
0445120083,Bosch,28V-25,NO_CODING,,,,FALSE
0445120084,Bosch,28V,NO_CODING,,,,FALSE
0445120085,Bosch,28V-04,NO_CODING,,,,FALSE
0445120086,Bosch,28V-25,NO_CODING,,,,FALSE
0445120087,Bosch,28V-25,NO_CODING,,,,FALSE
0445120089,Bosch,28V-04,NO_CODING,,,,FALSE
0445120090,Bosch,28V-18,NO_CODING,,,,FALSE
0445120091,Bosch,28V-18,NO_CODING,,,,FALSE
0445120092,Bosch,28V-24,NO_CODING,,,,FALSE
0445120093,Bosch,28V-18,NO_CODING,,,,FALSE
0445120094,Bosch,28V-04,NO_CODING,,,,FALSE
0445120095,Bosch,28V-13,NO_CODING,,,,FALSE
0445120096,Bosch,28V-04,NO_CODING,,,,FALSE
0445120097,Bosch,28V-04,NO_CODING,,,,FALSE
0445120098,Bosch,28V-23,NO_CODING,,,,FALSE
0445120099,Bosch,28V-25,NO_CODING,,,,FALSE
0445120100,Bosch,28V-25,NO_CODING,,,,FALSE
0445120101,Bosch,28V-25,NO_CODING,,,,FALSE
0445120102,Bosch,28V-25,NO_CODING,,,,FALSE
0445120103,Bosch,28V-04,NO_CODING,,,,FALSE
0445120105,Bosch,28V-25,NO_CODING,,,,FALSE
0445120106,Bosch,28V-25,NO_CODING,,,,FALSE
0445120107,Bosch,28V-25,NO_CODING,,,,FALSE
0445120108,Bosch,28V-04,NO_CODING,,,,FALSE
0445120109,Bosch,28V-13,NO_CODING,,,,FALSE
0445120110,Bosch,28V-25,NO_CODING,,,,FALSE
0445120112,Bosch,28V-04,NO_CODING,,,,FALSE
0445120113,Bosch,28V-04,NO_CODING,,,,FALSE
0445120114,Bosch,28V-04,NO_CODING,,,,FALSE
0445120115,Bosch,28V,NO_CODING,,,,FALSE
0445120116,Bosch,28V-24,NO_CODING,,,,FALSE
0445120117,Bosch,28V-25,NO_CODING,,,,FALSE
0445120118,Bosch,28V-24,NO_CODING,,,,FALSE
0445120120,Bosch,28V-04,NO_CODING,,,,FALSE
0445120121,Bosch,28V-04,NO_CODING,,,,FALSE
0445120122,Bosch,28V-04,NO_CODING,,,,FALSE
0445120123,Bosch,28V-04,NO_CODING,,,,FALSE
0445120124,Bosch,28V-25,NO_CODING,,,,FALSE
0445120125,Bosch,28V-04,NO_CODING,,,,FALSE
0445120126,Bosch,28V-17,NO_CODING,,,,FALSE
0445120127,Bosch,28V-25,NO_CODING,,,,FALSE
0445120128,Bosch,28V-25,NO_CODING,,,,FALSE
0445120129,Bosch,28V-25,NO_CODING,,,,FALSE
0445120130,Bosch,28V-25,NO_CODING,,,,FALSE
0445120131,Bosch,28V-25,NO_CODING,,,,FALSE
0445120133,Bosch,28V-04,NO_CODING,,,,FALSE
0445120134,Bosch,28V-25,NO_CODING,,,,FALSE
0445120135,Bosch,28V-24,NO_CODING,,,,FALSE
0445120136,Bosch,28V-25,NO_CODING,,,,FALSE
0445120137,Bosch,28V-25,NO_CODING,,,,FALSE
0445120138,Bosch,28V-25,NO_CODING,,,,FALSE
0445120139,Bosch,28V-25,NO_CODING,,,,FALSE
0445120140,Bosch,28V-04,NO_CODING,,,,FALSE
0445120141,Bosch,28V-25,NO_CODING,,,,FALSE
0445120142,Bosch,28V-25,NO_CODING,,,,FALSE
0445120143,Bosch,28V-24,NO_CODING,,,,FALSE
0445120144,Bosch,28V-04,NO_CODING,,,,FALSE
0445120145,Bosch,28V-06,NO_CODING,,,,FALSE
0445120146,Bosch,28V-25,NO_CODING,,,,FALSE
0445120147,Bosch,28V-23,NO_CODING,,,,FALSE
0445120148,Bosch,28V-25,NO_CODING,,,,FALSE
0445120149,Bosch,28V-25,NO_CODING,,,,FALSE
0445120150,Bosch,28V-25,NO_CODING,,,,FALSE
0445120151,Bosch,28V-04,NO_CODING,,,,FALSE
0445120152,Bosch,28V-04,NO_CODING,,,,FALSE
0445120153,Bosch,28V-25,NO_CODING,,,,FALSE
0445120154,Bosch,28V-25,NO_CODING,,,,FALSE
0445120155,Bosch,28V-24,NO_CODING,,,,FALSE
0445120156,Bosch,28V-25,NO_CODING,,,,FALSE
0445120157,Bosch,28V-24,NO_CODING,,,,FALSE
0445120159,Bosch,28V-04,NO_CODING,,,,FALSE
0445120160,Bosch,28V-25,NO_CODING,,,,FALSE
0445120161,Bosch,28V-26,NO_CODING,,,,FALSE
0445120162,Bosch,28V-24,NO_CODING,,,,FALSE
0445120163,Bosch,28V-25,NO_CODING,,,,FALSE
0445120164,Bosch,28V-25,NO_CODING,,,,FALSE
0445120165,Bosch,28V-25,NO_CODING,,,,FALSE
0445120167,Bosch,28V-24,NO_CODING,,,,FALSE
0445120168,Bosch,28V-24,NO_CODING,,,,FALSE
0445120169,Bosch,28V-25,NO_CODING,,,,FALSE
0445120170,Bosch,28V-25,NO_CODING,,,,FALSE
0445120173,Bosch,28V-04,NO_CODING,,,,FALSE
0445120174,Bosch,28V-04,NO_CODING,,,,FALSE
0445120175,Bosch,28V-04,NO_CODING,,,,FALSE
0445120176,Bosch,28V-04,NO_CODING,,,,FALSE
0445120177,Bosch,28V-26,NO_CODING,,,,FALSE
0445120178,Bosch,28V-24,NO_CODING,,,,FALSE
0445120179,Bosch,28V-24,NO_CODING,,,,FALSE
0445120180,Bosch,28V-24,NO_CODING,,,,FALSE
0445120182,Bosch,28V-25,NO_CODING,,,,FALSE
0445120183,Bosch,28V-25,NO_CODING,,,,FALSE
0445120184,Bosch,28V-22,NO_CODING,,,,FALSE
0445120185,Bosch,28V-26,NO_CODING,,,,FALSE
0445120186,Bosch,28V-24,NO_CODING,,,,FALSE
0445120187,Bosch,28V-26,NO_CODING,,,,FALSE
0445120188,Bosch,28V-26,NO_CODING,,,,FALSE
0445120191,Bosch,28V-25,NO_CODING,,,,FALSE
0445120192,Bosch,28V-25,NO_CODING,,,,FALSE
0445120193,Bosch,28V-26,NO_CODING,,,,FALSE
0445120196,Bosch,28V-25,NO_CODING,,,,FALSE
0445120197,Bosch,28V-24,NO_CODING,,,,FALSE
0445120199,Bosch,28V-22,NO_CODING,,,,FALSE
0445120200,Bosch,28V-25,NO_CODING,,,,FALSE
0445120201,Bosch,28V-24,NO_CODING,,,,FALSE
0445120202,Bosch,28V-24,NO_CODING,,,,FALSE
0445120203,Bosch,28V-25,NO_CODING,,,,FALSE
0445120204,Bosch,28V-22,NO_CODING,,,,FALSE
0445120208,Bosch,28V-04,NO_CODING,,,,FALSE
0445120209,Bosch,28V-04,NO_CODING,,,,FALSE
0445120210,Bosch,28V-04,NO_CODING,,,,FALSE
0445120211,Bosch,28V-04,NO_CODING,,,,FALSE
0445120212,Bosch,28V-04,NO_CODING,,,,FALSE
0445120213,Bosch,28V-25,NO_CODING,,,,FALSE
0445120214,Bosch,28V-25,NO_CODING,,,,FALSE
0445120215,Bosch,28V-25,NO_CODING,,,,FALSE
0445120217,Bosch,28V-25,NO_CODING,,,,FALSE
0445120218,Bosch,28V-25,NO_CODING,,,,FALSE
0445120219,Bosch,28V-25,NO_CODING,,,,FALSE
0445120220,Bosch,28V-24,NO_CODING,,,,FALSE
0445120222,Bosch,28V-25,NO_CODING,,,,FALSE
0445120224,Bosch,28V-25,NO_CODING,,,,FALSE
0445120225,Bosch,28V-25,NO_CODING,,,,FALSE
0445120226,Bosch,28V-25,NO_CODING,,,,FALSE
0445120227,Bosch,28V-25,NO_CODING,,,,FALSE
0445120228,Bosch,28V-25,NO_CODING,,,,FALSE
0445120229,Bosch,28V-24,NO_CODING,,,,FALSE
0445120231,Bosch,28V-04,NO_CODING,,,,FALSE
0445120232,Bosch,28V-25,NO_CODING,,,,FALSE
0445120233,Bosch,28V-24,NO_CODING,,,,FALSE
0445120234,Bosch,28V-25,NO_CODING,,,,FALSE
0445120235,Bosch,28V-24,NO_CODING,,,,FALSE
0445120236,Bosch,28V-04,NO_CODING,,,,FALSE
0445120237,Bosch,28V-04,NO_CODING,,,,FALSE
0445120238,Bosch,28V-04,NO_CODING,,,,FALSE
0445120239,Bosch,28V-04,NO_CODING,,,,FALSE
0445120240,Bosch,28V,NO_CODING,,,,FALSE
0445120241,Bosch,28V-04,NO_CODING,,,,FALSE
0445120242,Bosch,28V-25,NO_CODING,,,,FALSE
0445120244,Bosch,28V-25,NO_CODING,,,,FALSE
0445120245,Bosch,28V-25,NO_CODING,,,,FALSE
0445120246,Bosch,28V-25,NO_CODING,,,,FALSE
0445120247,Bosch,28V-25,NO_CODING,,,,FALSE
0445120250,Bosch,28V,NO_CODING,,,,FALSE
0445120252,Bosch,28V-04,NO_CODING,,,,FALSE
0445120253,Bosch,28V-04,NO_CODING,,,,FALSE
0445120254,Bosch,28V-04,NO_CODING,,,,FALSE
0445120255,Bosch,28V-04,NO_CODING,,,,FALSE
0445120256,Bosch,28V-04,NO_CODING,,,,FALSE
0445120257,Bosch,28V-26,NO_CODING,,,,FALSE
0445120258,Bosch,28V-07,NO_CODING,,,,FALSE
0445120260,Bosch,28V-25,NO_CODING,,,,FALSE
0445120261,Bosch,28V-25,NO_CODING,,,,FALSE
0445120262,Bosch,28V-25,NO_CODING,,,,FALSE
0445120263,Bosch,28V-25,NO_CODING,,,,FALSE
0445120265,Bosch,28V-25,NO_CODING,,,,FALSE
0445120266,Bosch,28V-25,NO_CODING,,,,FALSE
0445120267,Bosch,28V-26,NO_CODING,,,,FALSE
0445120268,Bosch,28V-25,NO_CODING,,,,FALSE
0445120269,Bosch,28V-24,NO_CODING,,,,FALSE
0445120272,Bosch,28V-04,NO_CODING,,,,FALSE
0445120273,Bosch,28V-04,NO_CODING,,,,FALSE
0445120277,Bosch,28V-25,NO_CODING,,,,FALSE
0445120279,Bosch,28V-24,NO_CODING,,,,FALSE
0445120280,Bosch,28V-25,NO_CODING,,,,FALSE
0445120282,Bosch,28V-24,NO_CODING,,,,FALSE
0445120289,Bosch,28V-25,NO_CODING,,,,FALSE
0445120290,Bosch,28V-25,NO_CODING,,,,FALSE
0445120291,Bosch,28V-25,NO_CODING,,,,FALSE
0445120292,Bosch,28V-25,NO_CODING,,,,FALSE
0445120293,Bosch,28V-25,NO_CODING,,,,FALSE
0445120294,Bosch,28V-25,NO_CODING,,,,FALSE
0445120295,Bosch,28V-07,NO_CODING,,,,FALSE
0445120296,Bosch,28V-25,NO_CODING,,,,FALSE
0445120297,Bosch,28V-25,NO_CODING,,,,FALSE
0445120304,Bosch,28V-25,NO_CODING,,,,FALSE
0445120305,Bosch,28V-26,NO_CODING,,,,FALSE
0445120309,Bosch,28V-25,NO_CODING,,,,FALSE
0445120310,Bosch,28V-25,NO_CODING,,,,FALSE
0445120311,Bosch,28V-24,NO_CODING,,,,FALSE
0445120313,Bosch,28V-24,NO_CODING,,,,FALSE
0445120314,Bosch,28V-25,NO_CODING,,,,FALSE
0445120315,Bosch,28V-24,NO_CODING,,,,FALSE
0445120316,Bosch,28V-24,NO_CODING,,,,FALSE
0445120317,Bosch,28V-25,NO_CODING,,,,FALSE
0445120318,Bosch,28V-25,NO_CODING,,,,FALSE
0445120321,Bosch,28V-25,NO_CODING,,,,FALSE
0445120323,Bosch,28V-25,NO_CODING,,,,FALSE
0445120324,Bosch,28V-25,NO_CODING,,,,FALSE
0445120325,Bosch,28V-25,NO_CODING,,,,FALSE
0445120326,Bosch,28V-04,NO_CODING,,,,FALSE
0445120327,Bosch,28V-24,NO_CODING,,,,FALSE
0445120328,Bosch,28V-04,NO_CODING,,,,FALSE
0445120329,Bosch,28V-25,NO_CODING,,,,FALSE
0445120330,Bosch,28V-04,NO_CODING,,,,FALSE
0445120331,Bosch,28V-25,NO_CODING,,,,FALSE
0445120332,Bosch,28V-22,NO_CODING,,,,FALSE
0445120333,Bosch,28V-25,NO_CODING,,,,FALSE
0445120334,Bosch,28V-25,NO_CODING,,,,FALSE
0445120336,Bosch,28V-26,NO_CODING,,,,FALSE
0445120340,Bosch,28V-25,NO_CODING,,,,FALSE
0445120341,Bosch,28V-24,NO_CODING,,,,FALSE
0445120342,Bosch,28V-26,NO_CODING,,,,FALSE
0445120343,Bosch,28V-25,NO_CODING,,,,FALSE
0445120344,Bosch,28V-25,NO_CODING,,,,FALSE
0445120345,Bosch,28V-25,NO_CODING,,,,FALSE
0445120346,Bosch,28V-25,NO_CODING,,,,FALSE
0445120347,Bosch,28V-25,NO_CODING,,,,FALSE
0445120348,Bosch,28V-25,NO_CODING,,,,FALSE
0445120351,Bosch,28V-25,NO_CODING,,,,FALSE
0445120352,Bosch,28V-25,NO_CODING,,,,FALSE
0445120353,Bosch,28V-24,NO_CODING,,,,FALSE
0445120354,Bosch,28V-24,NO_CODING,,,,FALSE
0445120355,Bosch,28V-24,NO_CODING,,,,FALSE
0445120356,Bosch,28V-22,NO_CODING,,,,FALSE
0445120357,Bosch,28V-25,NO_CODING,,,,FALSE
0445120360,Bosch,28V-25,NO_CODING,,,,FALSE
0445120361,Bosch,28V-25,NO_CODING,,,,FALSE
0445120362,Bosch,28V-25,NO_CODING,,,,FALSE
0445120364,Bosch,28V-25,NO_CODING,,,,FALSE
0445120366,Bosch,28V-26,NO_CODING,,,,FALSE
0445120367,Bosch,28V-25,NO_CODING,,,,FALSE
0445120368,Bosch,28V-25,NO_CODING,,,,FALSE
0445120369,Bosch,28V-25,NO_CODING,,,,FALSE
0445120370,Bosch,28V-24,NO_CODING,,,,FALSE
0445120371,Bosch,28V-25,NO_CODING,,,,FALSE
0445120372,Bosch,28V-25,NO_CODING,,,,FALSE
0445120373,Bosch,28V-25,NO_CODING,,,,FALSE
0445120376,Bosch,28V-07,NO_CODING,,,,FALSE
0445120377,Bosch,28V-25,NO_CODING,,,,FALSE
0445120378,Bosch,28V-25,NO_CODING,,,,FALSE
0445120379,Bosch,28V-25,NO_CODING,,,,FALSE
0445120380,Bosch,28V-25,NO_CODING,,,,FALSE
0445120381,Bosch,28V-25,NO_CODING,,,,FALSE
0445120382,Bosch,28V-25,NO_CODING,,,,FALSE
0445120383,Bosch,28V-25,NO_CODING,,,,FALSE
0445120384,Bosch,28V-26,NO_CODING,,,,FALSE
0445120387,Bosch,28V-24,NO_CODING,,,,FALSE
0445120389,Bosch,28V-25,NO_CODING,,,,FALSE
0445120391,Bosch,28V-25,NO_CODING,,,,FALSE
0445120392,Bosch,28V-25,NO_CODING,,,,FALSE
0445120393,Bosch,28V-25,NO_CODING,,,,FALSE
0445120394,Bosch,28V-25,NO_CODING,,,,FALSE
0445120395,Bosch,28V-25,NO_CODING,,,,FALSE
0445120396,Bosch,28V-25,NO_CODING,,,,FALSE
0445120397,Bosch,28V-25,NO_CODING,,,,FALSE
0445120398,Bosch,28V-25,NO_CODING,,,,FALSE
0445120399,Bosch,28V-25,NO_CODING,,,,FALSE
0445120400,Bosch,28V-25,NO_CODING,,,,FALSE
0445120402,Bosch,28V-25,NO_CODING,,,,FALSE
0445120403,Bosch,28V-25,NO_CODING,,,,FALSE
0445120404,Bosch,28V-25,NO_CODING,,,,FALSE
0445120410,Bosch,28V-25,NO_CODING,,,,FALSE
0445120414,Bosch,28V-26,NO_CODING,,,,FALSE
0445120416,Bosch,28V-25,NO_CODING,,,,FALSE
0445120417,Bosch,28V-24,NO_CODING,,,,FALSE
0445120419,Bosch,28V-25,NO_CODING,,,,FALSE
0445120420,Bosch,28V-24,NO_CODING,,,,FALSE
0445120424,Bosch,28V-25,NO_CODING,,,,FALSE
0445120439,Bosch,28V-25,NO_CODING,,,,FALSE
0445120450,Bosch,28V-24,NO_CODING,,,,FALSE
0445120455,Bosch,28V-04,NO_CODING,,,,FALSE
0445120457,Bosch,28V-25,NO_CODING,,,,FALSE
0445120458,Bosch,28V-24,NO_CODING,,,,FALSE
0445120461,Bosch,28V-25,NO_CODING,,,,FALSE
0445120500,Bosch,28V-24,NO_CODING,,,,FALSE
0445124001,Bosch,28V-07,NO_CODING,,,,FALSE
0445124006,Bosch,28V-07,NO_CODING,,,,FALSE
0445124007,Bosch,28V-07,NO_CODING,,,,FALSE
0445124009,Bosch,28V-07,NO_CODING,,,,FALSE
0445124014,Bosch,28V-07,NO_CODING,,,,FALSE
0445124015,Bosch,28V-07,NO_CODING,,,,FALSE
0445124021,Bosch,28V-07,NO_CODING,,,,FALSE
0445124022,Bosch,28V-07,NO_CODING,,,,FALSE
0445124023,Bosch,28V-07,NO_CODING,,,,FALSE
0445124025,Bosch,28V-07,NO_CODING,,,,FALSE
0445124027,Bosch,28V-07,NO_CODING,,,,FALSE
0445124035,Bosch,28V-07,NO_CODING,,,,FALSE
0445124036,Bosch,28V-07,NO_CODING,,,,FALSE
0445124041,Bosch,28V-07,NO_CODING,,,,FALSE
0445124042,Bosch,28V-07,NO_CODING,,,,FALSE
0986435000,Bosch,28V-24,NO_CODING,,,,FALSE
0986435001,Bosch,14V,NO_CODING,,,,FALSE
0986435002,Bosch,14V,NO_CODING,,,,FALSE
0986435003,Bosch,14V,NO_CODING,,,,FALSE
0986435004,Bosch,14V,NO_CODING,,,,FALSE
0986435005,Bosch,14V,NO_CODING,,,,FALSE
0986435006,Bosch,14V,NO_CODING,,,,FALSE
0986435007,Bosch,14V,NO_CODING,,,,FALSE
0986435008,Bosch,14V,NO_CODING,,,,FALSE
0986435009,Bosch,14V,NO_CODING,,,,FALSE
0986435010,Bosch,14V,NO_CODING,,,,FALSE
0986435011,Bosch,14V,NO_CODING,,,,FALSE
0986435012,Bosch,14V,NO_CODING,,,,FALSE
0986435013,Bosch,14V,NO_CODING,,,,FALSE
0986435014,Bosch,14V,NO_CODING,,,,FALSE
0986435015,Bosch,14V,NO_CODING,,,,FALSE
0986435016,Bosch,14V,NO_CODING,,,,FALSE
0986435017,Bosch,14V,NO_CODING,,,,FALSE
0986435018,Bosch,14V,NO_CODING,,,,FALSE
0986435019,Bosch,14V,NO_CODING,,,,FALSE
0986435020,Bosch,14V,NO_CODING,,,,FALSE
0986435021,Bosch,14V,NO_CODING,,,,FALSE
0986435022,Bosch,14V,NO_CODING,,,,FALSE
0986435024,Bosch,14V,NO_CODING,,,,FALSE
0986435025,Bosch,14V,NO_CODING,,,,FALSE
0986435026,Bosch,14V,NO_CODING,,,,FALSE
0986435027,Bosch,14V,NO_CODING,,,,FALSE
0986435028,Bosch,14V,NO_CODING,,,,FALSE
0986435029,Bosch,14V,NO_CODING,,,,FALSE
0986435030,Bosch,14V,NO_CODING,,,,FALSE
0986435031,Bosch,14V,NO_CODING,,,,FALSE
0986435032,Bosch,14V,NO_CODING,,,,FALSE
0986435033,Bosch,14V,NO_CODING,,,,FALSE
0986435034,Bosch,14V,NO_CODING,,,,FALSE
0986435035,Bosch,14V,NO_CODING,,,,FALSE
0986435036,Bosch,14V,NO_CODING,,,,FALSE
0986435037,Bosch,14V,NO_CODING,,,,FALSE
0986435038,Bosch,14V,NO_CODING,,,,FALSE
0986435039,Bosch,14V,NO_CODING,,,,FALSE
0986435040,Bosch,14V,NO_CODING,,,,FALSE
0986435041,Bosch,14V,NO_CODING,,,,FALSE
0986435042,Bosch,14V,NO_CODING,,,,FALSE
0986435043,Bosch,14V,NO_CODING,,,,FALSE
0986435044,Bosch,14V,NO_CODING,,,,FALSE
0986435045,Bosch,14V,NO_CODING,,,,FALSE
0986435046,Bosch,14V,NO_CODING,,,,FALSE
0986435047,Bosch,14V,NO_CODING,,,,FALSE
0986435048,Bosch,14V,NO_CODING,,,,FALSE
0986435049,Bosch,14V,NO_CODING,,,,FALSE
0986435050,Bosch,14V,NO_CODING,,,,FALSE
0986435051,Bosch,14V,NO_CODING,,,,FALSE
0986435052,Bosch,14V,NO_CODING,,,,FALSE
0986435053,Bosch,14V,NO_CODING,,,,FALSE
0986435054,Bosch,14V,NO_CODING,,,,FALSE
0986435055,Bosch,14V,NO_CODING,,,,FALSE
0986435056,Bosch,14V,NO_CODING,,,,FALSE
0986435057,Bosch,14V,NO_CODING,,,,FALSE
0986435058,Bosch,14V,NO_CODING,,,,FALSE
0986435059,Bosch,14V,NO_CODING,,,,FALSE
0986435060,Bosch,14V,NO_CODING,,,,FALSE
0986435061,Bosch,14V,NO_CODING,,,,FALSE
0986435062,Bosch,14V,NO_CODING,,,,FALSE
0986435063,Bosch,14V,NO_CODING,,,,FALSE
0986435064,Bosch,14V,NO_CODING,,,,FALSE
0986435065,Bosch,14V,NO_CODING,,,,FALSE
0986435066,Bosch,14V,NO_CODING,,,,FALSE
0986435067,Bosch,14V,NO_CODING,,,,FALSE
0986435068,Bosch,14V,NO_CODING,,,,FALSE
0986435069,Bosch,14V,NO_CODING,,,,FALSE
0986435070,Bosch,14V,NO_CODING,,,,FALSE
0986435071,Bosch,14V,NO_CODING,,,,FALSE
0986435072,Bosch,14V,NO_CODING,,,,FALSE
0986435073,Bosch,14V,NO_CODING,,,,FALSE
0986435075,Bosch,14V,NO_CODING,,,,FALSE
0986435076,Bosch,14V,NO_CODING,,,,FALSE
0986435077,Bosch,14V,NO_CODING,,,,FALSE
0986435078,Bosch,14V,0,,,1,FALSE
0986435079,Bosch,14V,NO_CODING,,,,FALSE
0986435080,Bosch,14V,1,,,1,FALSE
0986435081,Bosch,14V,0,,,1,FALSE
0986435082,Bosch,14V,NO_CODING,,,,FALSE
0986435083,Bosch,14V,NO_CODING,,,,FALSE
0986435084,Bosch,14V,1,,,0,FALSE
0986435085,Bosch,14V,3,,,0,FALSE
0986435086,Bosch,14V,NO_CODING,,,,FALSE
0986435087,Bosch,14V,NO_CODING,,,,FALSE
0986435088,Bosch,14V,0,,,1,FALSE
0986435089,Bosch,14V,NO_CODING,,,,FALSE
0986435090,Bosch,14V,3,,,0,FALSE
0986435091,Bosch,14V,2,,,0,FALSE
0986435092,Bosch,14V,2,,,0,FALSE
0986435093,Bosch,14V,NO_CODING,,,,FALSE
0986435094,Bosch,14V,NO_CODING,,,,FALSE
0986435095,Bosch,14V,NO_CODING,,,,FALSE
0986435096,Bosch,14V,NO_CODING,,,,FALSE
0986435097,Bosch,14V,1,,,1,FALSE
0986435098,Bosch,14V,1,,,1,FALSE
0986435099,Bosch,14V,0,,,2,FALSE
0986435100,Bosch,14V,1,,,1,FALSE
0986435101,Bosch,14V,0,,,1,FALSE
0986435102,Bosch,14V,0,,,1,FALSE
0986435103,Bosch,14V,0,,,1,FALSE
0986435104,Bosch,14V,0,,,1,FALSE
0986435105,Bosch,14V,NO_CODING,,,,FALSE
0986435106,Bosch,14V,NO_CODING,,,,FALSE
0986435107,Bosch,14V,1,,,0,FALSE
0986435108,Bosch,14V,1,,,0,FALSE
0986435109,Bosch,14V,1,,,0,FALSE
0986435110,Bosch,14V,1,,,0,FALSE
0986435111,Bosch,14V,1,,,0,FALSE
0986435112,Bosch,14V,NO_CODING,,,,FALSE
0986435113,Bosch,14V,1,,,0,FALSE
0986435114,Bosch,14V,1,,,0,FALSE
0986435115,Bosch,14V,1,,,0,FALSE
0986435116,Bosch,14V,1,,,0,FALSE
0986435117,Bosch,14V,1,,,0,FALSE
0986435118,Bosch,14V,1,,,0,FALSE
0986435119,Bosch,14V,NO_CODING,,,,FALSE
0986435120,Bosch,14V,NO_CODING,,,,FALSE
0986435121,Bosch,14V,NO_CODING,,,,FALSE
0986435122,Bosch,14V,3,,,0,FALSE
0986435123,Bosch,14V,3,,,0,FALSE
0986435124,Bosch,14V,1,,,1,FALSE
0986435125,Bosch,14V,1,,,0,FALSE
0986435126,Bosch,14V,3,,,0,FALSE
0986435127,Bosch,14V,1,,,0,FALSE
0986435128,Bosch,14V,1,,,0,FALSE
0986435129,Bosch,14V,1,,,0,FALSE
0986435130,Bosch,14V,NO_CODING,,,,FALSE
0986435131,Bosch,14V,NO_CODING,,,,FALSE
0986435132,Bosch,14V,NO_CODING,,,,FALSE
0986435133,Bosch,14V,NO_CODING,,,,FALSE
0986435134,Bosch,14V,NO_CODING,,,,FALSE
0986435135,Bosch,14V,NO_CODING,,,,FALSE
0986435136,Bosch,14V,NO_CODING,,,,FALSE
0986435139,Bosch,14V,2,,,0,FALSE
0986435140,Bosch,14V,NO_CODING,,,,FALSE
0986435143,Bosch,14V,4,,,0,FALSE
0986435144,Bosch,14V,2,,,0,FALSE
0986435145,Bosch,14V,1,,,1,FALSE
0986435146,Bosch,14V,4,,,0,FALSE
0986435147,Bosch,14V,NO_CODING,,,,FALSE
0986435148,Bosch,14V,0,,,1,FALSE
0986435149,Bosch,14V,NO_CODING,,,,FALSE
0986435150,Bosch,14V,4,,,0,FALSE
0986435151,Bosch,14V,2,,,0,FALSE
0986435152,Bosch,14V,2,,,0,FALSE
0986435153,Bosch,14V,2,,,0,FALSE
0986435154,Bosch,14V,NO_CODING,,,,FALSE
0986435155,Bosch,14V,2,,,0,FALSE
0986435156,Bosch,14V,2,,,0,FALSE
0986435157,Bosch,14V,1,,,0,FALSE
0986435158,Bosch,14V,NO_CODING,,,,FALSE
0986435159,Bosch,14V,1,,,0,FALSE
0986435160,Bosch,14V,NO_CODING,,,,FALSE
0986435161,Bosch,14V,0,,,1,FALSE
0986435162,Bosch,14V,0,,,1,FALSE
0986435163,Bosch,14V,2,,,0,FALSE
0986435164,Bosch,14V,NO_CODING,,,,FALSE
0986435165,Bosch,14V,2,,,0,FALSE
0986435166,Bosch,14V-03,2,,,0,FALSE
0986435167,Bosch,14V-03,2,,,0,FALSE
0986435168,Bosch,14V,1,,,0,FALSE
0986435169,Bosch,14V,1,,,0,FALSE
0986435170,Bosch,14V,2,,,0,FALSE
0986435171,Bosch,14V,0,,,1,FALSE
0986435172,Bosch,14V,4,,,0,FALSE
0986435173,Bosch,14V,1,,,1,FALSE
0986435174,Bosch,14V,NO_CODING,,,,FALSE
0986435175,Bosch,14V,1,,,0,FALSE
0986435176,Bosch,14V,1,,,0,FALSE
0986435177,Bosch,14V,3,,,0,FALSE
0986435178,Bosch,14V,3,,,0,FALSE
0986435179,Bosch,14V,2,,,0,FALSE
0986435180,Bosch,14V,2,,,0,FALSE
0986435181,Bosch,14V,2,,,0,FALSE
0986435182,Bosch,14V,NO_CODING,,,,FALSE
0986435183,Bosch,14V,NO_CODING,,,,FALSE
0986435184,Bosch,14V,2,,,0,FALSE
0986435185,Bosch,14V,NO_CODING,,,,FALSE
0986435186,Bosch,14V,2,,,0,FALSE
0986435187,Bosch,14V,1,,,0,FALSE
0986435188,Bosch,14V,2,,,0,FALSE
0986435189,Bosch,14V,2,,,0,FALSE
0986435191,Bosch,14V,3,,,0,FALSE
0986435192,Bosch,14V,2,,,0,FALSE
0986435193,Bosch,14V,4,,,0,FALSE
0986435194,Bosch,14V,1,,,1,FALSE
0986435195,Bosch,14V,2,,,0,FALSE
0986435196,Bosch,14V,NO_CODING,,,,FALSE
0986435197,Bosch,14V,0,,,1,FALSE
0986435198,Bosch,14V,1,,,0,FALSE
0986435199,Bosch,14V,0,,,1,FALSE
0986435200,Bosch,14V,0,,,1,FALSE
0986435201,Bosch,14V,0,,,1,FALSE
0986435202,Bosch,14V,2,,,0,FALSE
0986435203,Bosch,14V,4,,,0,FALSE
0986435204,Bosch,14V-01,0,,,1,FALSE
0986435205,Bosch,14V,2,,,0,FALSE
0986435206,Bosch,14V,2,,,0,FALSE
0986435207,Bosch,14V-03,2,,,0,FALSE
0986435208,Bosch,14V,0,,,1,FALSE
0986435209,Bosch,14V,2,,,0,FALSE
0986435210,Bosch,14V,2,,,0,FALSE
0986435211,Bosch,14V-03,2,,,0,FALSE
0986435212,Bosch,14V-01,2,,,0,FALSE
0986435213,Bosch,14V-01,0,,,1,FALSE
0986435214,Bosch,14V-03,2,,,0,FALSE
0986435215,Bosch,14V,NO_CODING,,,,FALSE
0986435216,Bosch,14V,NO_CODING,,,,FALSE
0986435217,Bosch,14V,NO_CODING,,,,FALSE
0986435218,Bosch,14V,NO_CODING,,,,FALSE
0986435219,Bosch,14V,NO_CODING,,,,FALSE
0986435220,Bosch,14V,NO_CODING,,,,FALSE
0986435221,Bosch,14V,NO_CODING,,,,FALSE
0986435222,Bosch,14V,NO_CODING,,,,FALSE
0986435223,Bosch,14V,NO_CODING,,,,FALSE
0986435224,Bosch,14V,NO_CODING,,,,FALSE
0986435225,Bosch,14V,NO_CODING,,,,FALSE
0986435227,Bosch,14V,2,,,0,FALSE
0986435228,Bosch,14V,NO_CODING,,,,FALSE
0986435230,Bosch,14V,0,,,1,FALSE
0986435231,Bosch,14V,2,,,0,FALSE
0986435232,Bosch,14V,2,,,0,FALSE
0986435233,Bosch,14V,4,,,0,FALSE
0986435234,Bosch,14V,2,,,0,FALSE
0986435235,Bosch,14V,NO_CODING,,,,FALSE
0986435236,Bosch,14V,2,,,0,FALSE
0986435237,Bosch,14V,0,,,1,FALSE
0986435238,Bosch,14V,2,,,0,FALSE
0986435239,Bosch,14V,NO_CODING,,,,FALSE
0986435240,Bosch,14V-03,2,,,0,FALSE
0986435243,Bosch,14V,2,,,0,FALSE
0986435244,Bosch,14V-03,2,,,0,FALSE
0986435245,Bosch,14V,2,,,0,FALSE
0986435247,Bosch,14V-01,NO_CODING,,,,FALSE
0986435248,Bosch,14V-01,2,,,0,FALSE
0986435249,Bosch,14V-01,NO_CODING,,,,FALSE
0986435252,Bosch,14V,NO_CODING,,,,FALSE
0986435254,Bosch,14V,2,,,0,FALSE
0986435263,Bosch,14V,1,,,0,FALSE
0986435265,Bosch,14V,NO_CODING,,,,FALSE
0986435277,Bosch,14V,NO_CODING,,,,FALSE
0986435278,Bosch,14V,NO_CODING,,,,FALSE
0986435280,Bosch,14V-01,NO_CODING,,,,FALSE
0986435350,Bosch,BOSCH_PIEZO,5,,,0,FALSE
0986435351,Bosch,BOSCH_PIEZO,NO_CODING,,,,FALSE
0986435352,Bosch,BOSCH_PIEZO,NO_CODING,,,,FALSE
0986435353,Bosch,BOSCH_PIEZO,5,,,0,FALSE
0986435354,Bosch,BOSCH_PIEZO,NO_CODING,,,,FALSE
0986435355,Bosch,BOSCH_PIEZO,NO_CODING,,,,FALSE
0986435356,Bosch,BOSCH_PIEZO,5,,,0,FALSE
0986435357,Bosch,BOSCH_PIEZO,5,,,0,FALSE
0986435358,Bosch,BOSCH_PIEZO,5,,,0,FALSE
0986435359,Bosch,BOSCH_PIEZO,5,,,0,FALSE
0986435360,Bosch,BOSCH_PIEZO,5,,,0,FALSE
0986435361,Bosch,BOSCH_PIEZO,5,,,0,FALSE
0986435362,Bosch,BOSCH_PIEZO,NO_CODING,,,,FALSE
0986435363,Bosch,BOSCH_PIEZO,5,,,0,FALSE
0986435364,Bosch,BOSCH_PIEZO,NO_CODING,,,,FALSE
0986435365,Bosch,BOSCH_PIEZO,NO_CODING,,,,FALSE
0986435366,Bosch,BOSCH_PIEZO,5,,,0,FALSE
0986435367,Bosch,BOSCH_PIEZO,NO_CODING,,,,FALSE
0986435368,Bosch,BOSCH_PIEZO,NO_CODING,,,,FALSE
0986435369,Bosch,BOSCH_PIEZO,5,,,0,FALSE
0986435370,Bosch,BOSCH_PIEZO,5,,,0,FALSE
0986435371,Bosch,BOSCH_PIEZO,5,,,0,FALSE
0986435372,Bosch,BOSCH_PIEZO,5,,,0,FALSE
0986435373,Bosch,BOSCH_PIEZO,5,,,0,FALSE
0986435374,Bosch,BOSCH_PIEZO,NO_CODING,,,,FALSE
0986435375,Bosch,BOSCH_PIEZO,NO_CODING,,,,FALSE
0986435376,Bosch,BOSCH_PIEZO,5,,,0,FALSE
0986435377,Bosch,BOSCH_PIEZO,5,,,0,FALSE
0986435378,Bosch,BOSCH_PIEZO,5,,,0,FALSE
0986435379,Bosch,BOSCH_PIEZO,5,,,0,FALSE
0986435380,Bosch,BOSCH_PIEZO,NO_CODING,,,,FALSE
0986435381,Bosch,BOSCH_PIEZO,NO_CODING,,,,FALSE
0986435382,Bosch,BOSCH_PIEZO,NO_CODING,,,,FALSE
0986435383,Bosch,BOSCH_PIEZO,NO_CODING,,,,FALSE
0986435384,Bosch,BOSCH_PIEZO,NO_CODING,,,,FALSE
0986435385,Bosch,BOSCH_PIEZO,NO_CODING,,,,FALSE
0986435388,Bosch,BOSCH_PIEZO,5,,,0,FALSE
0986435389,Bosch,BOSCH_PIEZO,NO_CODING,,,,FALSE
0986435390,Bosch,BOSCH_PIEZO,NO_CODING,,,,FALSE
0986435391,Bosch,BOSCH_PIEZO,NO_CODING,,,,FALSE
0986435392,Bosch,BOSCH_PIEZO,5,,,0,FALSE
0986435393,Bosch,BOSCH_PIEZO,5,,,0,FALSE
0986435394,Bosch,BOSCH_PIEZO,5,,,0,FALSE
0986435395,Bosch,BOSCH_PIEZO,NO_CODING,,,,FALSE
0986435396,Bosch,BOSCH_PIEZO,NO_CODING,,,,FALSE
0986435397,Bosch,BOSCH_PIEZO,NO_CODING,,,,FALSE
0986435398,Bosch,BOSCH_PIEZO,5,,,0,FALSE
0986435399,Bosch,BOSCH_PIEZO,NO_CODING,,,,FALSE
0986435400,Bosch,BOSCH_PIEZO,5,,,0,FALSE
0986435401,Bosch,BOSCH_PIEZO,NO_CODING,,,,FALSE
0986435402,Bosch,BOSCH_PIEZO,5,,,0,FALSE
0986435403,Bosch,BOSCH_PIEZO,NO_CODING,,,,FALSE
0986435404,Bosch,BOSCH_PIEZO,5,,,0,FALSE
0986435405,Bosch,BOSCH_PIEZO,NO_CODING,,,,FALSE
0986435406,Bosch,BOSCH_PIEZO,NO_CODING,,,,FALSE
0986435407,Bosch,BOSCH_PIEZO,NO_CODING,,,,FALSE
0986435408,Bosch,BOSCH_PIEZO,5,,,0,FALSE
0986435409,Bosch,BOSCH_PIEZO,NO_CODING,,,,FALSE
0986435410,Bosch,BOSCH_PIEZO,NO_CODING,,,,FALSE
0986435411,Bosch,BOSCH_PIEZO,NO_CODING,,,,FALSE
0986435412,Bosch,BOSCH_PIEZO,NO_CODING,,,,FALSE
0986435413,Bosch,BOSCH_PIEZO,NO_CODING,,,,FALSE
0986435414,Bosch,BOSCH_PIEZO,NO_CODING,,,,FALSE
0986435415,Bosch,BOSCH_PIEZO,NO_CODING,,,,FALSE
0986435417,Bosch,BOSCH_PIEZO,,,,,FALSE
0986435418,Bosch,BOSCH_PIEZO,5,,,0,FALSE
0986435419,Bosch,BOSCH_PIEZO,,,,,FALSE
0986435420,Bosch,BOSCH_PIEZO,NO_CODING,,,0,FALSE
0986435421,Bosch,BOSCH_PIEZO,NO_CODING,,,,FALSE
0986435422,Bosch,BOSCH_PIEZO,NO_CODING,,,,FALSE
0986435423,Bosch,BOSCH_PIEZO,5,,,0,FALSE
0986435424,Bosch,BOSCH_PIEZO,NO_CODING,,,,FALSE
0986435425,Bosch,BOSCH_PIEZO,NO_CODING,,,,FALSE
0986435426,Bosch,BOSCH_PIEZO,5,,,0,FALSE
0986435428,Bosch,BOSCH_PIEZO,NO_CODING,,,,FALSE
0986435429,Bosch,BOSCH_PIEZO,5,,,0,FALSE
0986435430,Bosch,BOSCH_PIEZO,NO_CODING,,,,FALSE
0986435432,Bosch,BOSCH_PIEZO,NO_CODING,,,,FALSE
0986435435,Bosch,BOSCH_PIEZO,NO_CODING,,,,FALSE
0986435437,Bosch,BOSCH_PIEZO,NO_CODING,,,,FALSE
0986435438,Bosch,BOSCH_PIEZO,NO_CODING,,,,FALSE
0986435439,Bosch,BOSCH_PIEZO,NO_CODING,,,,FALSE
0986435443,Bosch,BOSCH_PIEZO,5,,,0,FALSE
0986435444,Bosch,BOSCH_PIEZO,NO_CODING,,,,FALSE
0986435449,Bosch,BOSCH_PIEZO,NO_CODING,,,,FALSE
0986435501,Bosch,28V-04,NO_CODING,,,,FALSE
0986435502,Bosch,28V-04,NO_CODING,,,,FALSE
0986435503,Bosch,28V-04,NO_CODING,,,,FALSE
0986435504,Bosch,28V-28,NO_CODING,,,,FALSE
0986435505,Bosch,28V-04,NO_CODING,,,,FALSE
0986435506,Bosch,28V-04,NO_CODING,,,,FALSE
0986435507,Bosch,28V-04,NO_CODING,,,,FALSE
0986435508,Bosch,28V-04,NO_CODING,,,,FALSE
0986435509,Bosch,28V-04,NO_CODING,,,,FALSE
0986435510,Bosch,28V-04,NO_CODING,,,,FALSE
0986435511,Bosch,28V,NO_CODING,,,,FALSE
0986435512,Bosch,28V-04,NO_CODING,,,,FALSE
0986435513,Bosch,28V,NO_CODING,,,,FALSE
0986435514,Bosch,28V,NO_CODING,,,,FALSE
0986435515,Bosch,28V-04,NO_CODING,,,,FALSE
0986435516,Bosch,28V-04,NO_CODING,,,,FALSE
0986435517,Bosch,28V-25,NO_CODING,,,,FALSE
0986435518,Bosch,28V-26,NO_CODING,,,,FALSE
0986435519,Bosch,28V-22,NO_CODING,,,,FALSE
0986435520,Bosch,28V-24,NO_CODING,,,,FALSE
0986435521,Bosch,28V-24,NO_CODING,,,,FALSE
0986435522,Bosch,28V-04,NO_CODING,,,,FALSE
0986435523,Bosch,28V,NO_CODING,,,,FALSE
0986435524,Bosch,28V-04,NO_CODING,,,,FALSE
0986435525,Bosch,28V,NO_CODING,,,,FALSE
0986435526,Bosch,28V-25,NO_CODING,,,,FALSE
0986435527,Bosch,28V-23,NO_CODING,,,,FALSE
0986435528,Bosch,28V-25,NO_CODING,,,,FALSE
0986435529,Bosch,28V-25,NO_CODING,,,,FALSE
0986435530,Bosch,28V-25,NO_CODING,,,,FALSE
0986435531,Bosch,28V,NO_CODING,,,,FALSE
0986435532,Bosch,28V-04,NO_CODING,,,,FALSE
0986435533,Bosch,28V,NO_CODING,,,,FALSE
0986435534,Bosch,28V-25,NO_CODING,,,,FALSE
0986435535,Bosch,28V-25,NO_CODING,,,,FALSE
0986435536,Bosch,28V-25,NO_CODING,,,,FALSE
0986435541,Bosch,28V-04,NO_CODING,,,,FALSE
0986435542,Bosch,28V-04,NO_CODING,,,,FALSE
0986435543,Bosch,28V-04,NO_CODING,,,,FALSE
0986435544,Bosch,28V-04,NO_CODING,,,,FALSE
0986435545,Bosch,28V-25,NO_CODING,,,,FALSE
0986435546,Bosch,28V-25,NO_CODING,,,,FALSE
0986435547,Bosch,28V-25,NO_CODING,,,,FALSE
0986435548,Bosch,28V-25,NO_CODING,,,,FALSE
0986435549,Bosch,28V-25,NO_CODING,,,,FALSE
0986435550,Bosch,28V-33,NO_CODING,,,,FALSE
0986435551,Bosch,28V-24,NO_CODING,,,,FALSE
0986435552,Bosch,28V-25,NO_CODING,,,,FALSE
0986435553,Bosch,28V-24,NO_CODING,,,,FALSE
0986435554,Bosch,28V-04,NO_CODING,,,,FALSE
0986435555,Bosch,28V-04,NO_CODING,,,,FALSE
0986435556,Bosch,28V-04,NO_CODING,,,,FALSE
0986435557,Bosch,28V-04,NO_CODING,,,,FALSE
0986435558,Bosch,28V-NA,NO_CODING,,,,FALSE
0986435559,Bosch,28V-25,NO_CODING,,,,FALSE
0986435560,Bosch,28V-04,NO_CODING,,,,FALSE
0986435561,Bosch,28V-25,NO_CODING,,,,FALSE
0986435562,Bosch,28V-23,NO_CODING,,,,FALSE
0986435563,Bosch,28V-25,NO_CODING,,,,FALSE
0986435564,Bosch,28V-24,NO_CODING,,,,FALSE
0986435565,Bosch,28V-24,NO_CODING,,,,FALSE
0986435566,Bosch,28V-24,NO_CODING,,,,FALSE
0986435567,Bosch,28V-24,NO_CODING,,,,FALSE
0986435568,Bosch,28V-24,NO_CODING,,,,FALSE
0986435569,Bosch,28V-24,NO_CODING,,,,FALSE
0986435570,Bosch,28V-24,NO_CODING,,,,FALSE
0986435571,Bosch,28V-04,NO_CODING,,,,FALSE
0986435572,Bosch,28V-07,NO_CODING,,,,FALSE
0986435573,Bosch,28V-12,NO_CODING,,,,FALSE
0986435574,Bosch,28V-26,NO_CODING,,,,FALSE
0986435575,Bosch,28V-04,NO_CODING,,,,FALSE
0986435576,Bosch,28V-04,NO_CODING,,,,FALSE
0986435579,Bosch,28V-25,NO_CODING,,,,FALSE
0986435580,Bosch,28V-25,NO_CODING,,,,FALSE
0986435581,Bosch,28V-23,NO_CODING,,,,FALSE
0986435582,Bosch,28V-25,NO_CODING,,,,FALSE
0986435583,Bosch,28V-NA,NO_CODING,,,,FALSE
0986435584,Bosch,28V-25,NO_CODING,,,,FALSE
0986435585,Bosch,28V-23,NO_CODING,,,,FALSE
0986435586,Bosch,28V-25,NO_CODING,,,,FALSE
0986435587,Bosch,28V-24,NO_CODING,,,,FALSE
0986435588,Bosch,28V-24,NO_CODING,,,,FALSE
0986435589,Bosch,28V-24,NO_CODING,,,,FALSE
0986435591,Bosch,28V-24,NO_CODING,,,,FALSE
0986435593,Bosch,28V-24,NO_CODING,,,,FALSE
0986435596,Bosch,28V-04,NO_CODING,,,,FALSE
0986435597,Bosch,28V-04,NO_CODING,,,,FALSE
0986435599,Bosch,28V-24,NO_CODING,,,,FALSE
0986435600,Bosch,28V-24,NO_CODING,,,,FALSE
0986435617,Bosch,28V-04,NO_CODING,,,,FALSE
0986435621,Bosch,28V-26,NO_CODING,,,,FALSE
0986435625,Bosch,28V-04,NO_CODING,,,,FALSE
0986435626,Bosch,28V-24,NO_CODING,,,,FALSE
0986435628,Bosch,28V-04,NO_CODING,,,,FALSE
0986435629,Bosch,28V-04,NO_CODING,,,,FALSE
0986435630,Bosch,28V-04,NO_CODING,,,,FALSE
0986435634,Bosch,28V-18,NO_CODING,,,,FALSE
0986435643,Bosch,28V-26,NO_CODING,,,,FALSE
0986435644,Bosch,28V-26,NO_CODING,,,,FALSE
0986435645,Bosch,28V-26,NO_CODING,,,,FALSE
0986435650,Bosch,28V-24,NO_CODING,,,,FALSE
0986435651,Bosch,28V-24,NO_CODING,,,,FALSE
0986435655,Bosch,28V-07,NO_CODING,,,,FALSE
0986435999,Bosch,28V-24,NO_CODING,,,,FALSE
0986AD1001,Bosch,28V-25,NO_CODING,,,,FALSE
0986AD1002,Bosch,28V-25,NO_CODING,,,,FALSE
0986AD1003,Bosch,28V,NO_CODING,,,,FALSE
0986AD1004,Bosch,28V-25,NO_CODING,,,,FALSE
0986AD1005,Bosch,28V-25,NO_CODING,,,,FALSE
0986AD1006,Bosch,28V-25,NO_CODING,,,,FALSE
0986AD1007,Bosch,28V-25,NO_CODING,,,,FALSE
0986AD1008,Bosch,28V-25,NO_CODING,,,,FALSE
0986AD1009,Bosch,28V-25,NO_CODING,,,,FALSE
0986AD1010,Bosch,28V-25,NO_CODING,,,,FALSE
0986AD1011,Bosch,28V-25,NO_CODING,,,,FALSE
0986AD1012,Bosch,28V-25,NO_CODING,,,,FALSE
0986AD1013,Bosch,28V-25,NO_CODING,,,,FALSE
0986AD1014,Bosch,28V-25,NO_CODING,,,,FALSE
0986AD1015,Bosch,28V-25,NO_CODING,,,,FALSE
0986AD1016,Bosch,28V-25,NO_CODING,,,,FALSE
0986AD1017,Bosch,28V-25,NO_CODING,,,,FALSE
0986AD1018,Bosch,28V-25,NO_CODING,,,,FALSE
0986AD1019,Bosch,28V-25,NO_CODING,,,,FALSE
0986AD1020,Bosch,28V-25,NO_CODING,,,,FALSE
0986AD1021,Bosch,28V-25,NO_CODING,,,,FALSE
0986AD1022,Bosch,28V-25,NO_CODING,,,,FALSE
0986AD1023,Bosch,28V-25,NO_CODING,,,,FALSE
0986AD1032,Bosch,28V-25,NO_CODING,,,,FALSE
0986AD1036,Bosch,28V-25,NO_CODING,,,,FALSE
0986AD1037,Bosch,28V-25,NO_CODING,,,,FALSE
0986AD1038,Bosch,28V-25,NO_CODING,,,,FALSE
0986AD1039,Bosch,28V-25,NO_CODING,,,,FALSE
0986AD1040,Bosch,28V-25,NO_CODING,,,,FALSE
0986AD1041,Bosch,28V-25,NO_CODING,,,,FALSE
0986AD1044,Bosch,28V-04,NO_CODING,,,,FALSE
0986AD1047,Bosch,28V-04,NO_CODING,,,,FALSE
0986AD1048,Bosch,28V-04,NO_CODING,,,,FALSE
0986AD1049,Bosch,28V-26,NO_CODING,,,,FALSE
0986AD1051,Bosch,28V-25,NO_CODING,,,,FALSE
0986AD1052,Bosch,28V-25,NO_CODING,,,,FALSE
Delphi P Test,Delphi,DELPHI_PIEZO,,,,,FALSE
BEBJ1A00202,Delphi,14V,NO_CODING,,,,FALSE
Delphi F2E Test,Delphi,DELPHI_F2E,,,,,FALSE
