pump_code,manufacturer,custom,feed_pressure,rotation,regulator_config,pressure_control,regulator_type,scv_curr_inj,scv_min_curr,scv_max_curr
0 445 010 002,Bosch,FALSE,1.9,RIGHT,NO_CONFIG,RAIL_AND_PUMP,NO_TYPE,,,
0 445 010 003,Bosch,FALSE,1.9,RIGHT,NO_CONFIG,RAIL_AND_PUMP,NO_TYPE,,,
0 445 010 004,Bosch,FALSE,1.9,LEFT,NO_CONFIG,RAIL,NO_TYPE,,,
0 445 010 006,Bosch,FALSE,1.9,RIGHT,NO_CONFIG,RAIL_AND_PUMP,NO_TYPE,,,
0 445 010 007,Bosch,FALSE,1.9,RIGHT,NO_CONFIG,RAIL_AND_PUMP,NO_TYPE,,,
0 445 010 008,Bosch,FALSE,1.9,LEFT,NO_CONFIG,RAIL,NO_TYPE,,,
0 445 010 009,Bosch,FALSE,1.9,RIGHT,NO_CONFIG,RAIL_AND_PUMP,NO_TYPE,,,
0 445 010 010,Bosch,FALSE,1.9,RIGHT,EAV,RAIL_AND_PUMP,N_O,0,,
0 445 010 011,Bosch,FALSE,1.9,RIGHT,NO_CONFIG,RAIL_AND_PUMP,NO_TYPE,,,
0 445 010 012,Bosch,FALSE,0.8,RIGHT,SCV,RAIL,N_O,0.40,0.40,1.60
0 445 010 013,Bosch,FALSE,1.9,LEFT,EAV,RAIL,N_O,0,,
0 445 010 014,Bosch,FALSE,1.9,LEFT,NO_CONFIG,RAIL,NO_TYPE,,,
0 445 010 015,Bosch,FALSE,1.9,LEFT,NO_CONFIG,RAIL,NO_TYPE,,,
0 445 010 016,Bosch,FALSE,5.0,RIGHT,SCV,RAIL,N_O,0.40,0.40,1.60
0 445 010 018,Bosch,FALSE,1.9,RIGHT,NO_CONFIG,RAIL_AND_PUMP,NO_TYPE,,,
0 445 010 019,Bosch,FALSE,1.9,LEFT,NO_CONFIG,RAIL,NO_TYPE,,,
0 445 010 021,Bosch,FALSE,1.9,RIGHT,EAV,RAIL_AND_PUMP,N_O,0,,
0 445 010 022,Bosch,FALSE,1.9,RIGHT,NO_CONFIG,RAIL_AND_PUMP,NO_TYPE,,,
0 445 010 024,Bosch,FALSE,1.9,LEFT,EAV,RAIL,N_O,0,,
0 445 010 025,Bosch,FALSE,1.9,RIGHT,EAV,RAIL,N_O,0,,
0 445 010 026,Bosch,FALSE,0.8,RIGHT,SCV,RAIL,N_O,0.40,0.40,1.50
0 445 010 027,Bosch,FALSE,1.9,LEFT,NO_CONFIG,RAIL,NO_TYPE,,,
0 445 010 028,Bosch,FALSE,1.9,LEFT,NO_CONFIG,RAIL_AND_PUMP,NO_TYPE,,,
0 445 010 029,Bosch,FALSE,0.8,LEFT,SCV,RAIL,N_O,0.40,0.40,1.62
0 445 010 031,Bosch,FALSE,0.8,RIGHT,SCV,RAIL,N_O,0.40,0.40,1.50
0 445 010 033,Bosch,FALSE,0.8,LEFT,SCV,RAIL,N_O,0.40,0.40,1.57
0 445 010 034,Bosch,FALSE,0.8,RIGHT,SCV,RAIL,N_O,0.40,0.40,1.50
0 445 010 036,Bosch,FALSE,5.0,RIGHT,SCV,RAIL,N_O,0.40,0.40,1.60
0 445 010 038,Bosch,FALSE,1.9,RIGHT,NO_CONFIG,RAIL,NO_TYPE,,,
0 445 010 039,Bosch,FALSE,0.8,RIGHT,SCV,RAIL,N_O,0.40,0.40,1.52
0 445 010 041,Bosch,FALSE,0.8,RIGHT,SCV,RAIL,N_O,0.40,0.40,1.50
0 445 010 042,Bosch,FALSE,0.8,RIGHT,SCV,RAIL,N_O,0.40,0.40,1.52
0 445 010 043,Bosch,FALSE,0.8,RIGHT,SCV,RAIL,N_O,0.40,0.40,1.50
0 445 010 044,Bosch,FALSE,0.8,RIGHT,SCV,RAIL,N_O,0.40,0.40,1.62
0 445 010 045,Bosch,FALSE,3.7,RIGHT,SCV,RAIL,N_O,0.40,0.40,1.62
0 445 010 046,Bosch,FALSE,1.9,RIGHT,EAV,RAIL_AND_PUMP,N_O,0,,
0 445 010 047,Bosch,FALSE,0.8,RIGHT,SCV,RAIL,N_O,0.40,0.40,1.52
0 445 010 048,Bosch,FALSE,3.7,LEFT,SCV,RAIL,N_O,0.40,0.40,1.62
0 445 010 049,Bosch,FALSE,1.9,RIGHT,NO_CONFIG,RAIL,NO_TYPE,,,
0 445 010 050,Bosch,FALSE,1.9,RIGHT,NO_CONFIG,RAIL,NO_TYPE,,,
0 445 010 052,Bosch,FALSE,0.8,RIGHT,SCV,RAIL,N_O,0.40,0.40,1.62
0 445 010 071,Bosch,FALSE,1.9,RIGHT,NO_CONFIG,RAIL_AND_PUMP,NO_TYPE,,,
0 445 010 072,Bosch,FALSE,1.9,RIGHT,NO_CONFIG,RAIL_AND_PUMP,NO_TYPE,,,
0 445 010 073,Bosch,FALSE,3.6,RIGHT,SCV,RAIL,N_O,0.40,0.40,1.62
0 445 010 074,Bosch,FALSE,3.6,RIGHT,SCV,RAIL,N_O,0.40,0.40,1.62
0 445 010 075,Bosch,FALSE,0.8,RIGHT,SCV,RAIL,N_O,0.40,0.40,1.50
0 445 010 076,Bosch,FALSE,0.8,RIGHT,SCV,RAIL,N_O,0.40,0.40,1.52
0 445 010 078,Bosch,FALSE,3.7,LEFT,SCV,RAIL,N_O,0.40,0.40,1.62
0 445 010 079,Bosch,FALSE,1.9,RIGHT,NO_CONFIG,RAIL,NO_TYPE,,,
0 445 010 080,Bosch,FALSE,1.9,RIGHT,NO_CONFIG,RAIL,NO_TYPE,,,
0 445 010 081,Bosch,FALSE,0.8,LEFT,SCV,RAIL,N_O,0.40,0.40,1.62
0 445 010 082,Bosch,FALSE,0.8,LEFT,SCV,RAIL,N_O,0.40,0.40,1.62
0 445 010 084,Bosch,FALSE,0.8,RIGHT,SCV,RAIL,N_O,0.40,0.40,1.50
0 445 010 085,Bosch,FALSE,0.8,RIGHT,SCV,RAIL,N_O,0.40,0.40,1.52
0 445 010 086,Bosch,FALSE,0.8,RIGHT,SCV,RAIL,N_O,0.40,0.40,1.52
0 445 010 087,Bosch,FALSE,0.8,RIGHT,SCV,RAIL,N_O,0.40,0.40,1.62
0 445 010 088,Bosch,FALSE,0.8,RIGHT,SCV,RAIL,N_O,0.40,0.40,1.52
0 445 010 089,Bosch,FALSE,0.8,RIGHT,SCV,RAIL,N_O,0.40,0.40,1.62
0 445 010 090,Bosch,FALSE,0.8,RIGHT,SCV,RAIL,N_O,0.40,0.40,1.62
0 445 010 091,Bosch,FALSE,3.7,LEFT,SCV,RAIL,N_O,0.40,0.40,1.62
0 445 010 092,Bosch,FALSE,1.9,RIGHT,NO_CONFIG,RAIL,NO_TYPE,,,
0 445 010 093,Bosch,FALSE,0.8,LEFT,SCV,RAIL,N_O,0.40,0.40,1.62
0 445 010 094,Bosch,FALSE,0.8,RIGHT,SCV,RAIL,N_O,0.40,0.40,1.62
0 445 010 095,Bosch,FALSE,3.7,LEFT,SCV,RAIL,N_O,0.40,0.40,1.62
0 445 010 096,Bosch,FALSE,3.7,LEFT,SCV,RAIL,N_O,0.40,0.40,1.62
0 445 010 097,Bosch,FALSE,5.0,RIGHT,SCV,RAIL,N_O,0.40,0.40,1.70
0 445 010 098,Bosch,FALSE,0.8,RIGHT,SCV,RAIL,N_O,0.40,0.40,1.62
0 445 010 099,Bosch,FALSE,0.8,LEFT,SCV,RAIL,N_O,0.40,0.40,1.62
0 445 010 101,Bosch,FALSE,0.8,RIGHT,SCV,RAIL,N_O,0.40,0.40,1.62
0 445 010 102,Bosch,FALSE,0.8,RIGHT,SCV,RAIL,N_C,1.50,0.54,1.50
0 445 010 104,Bosch,FALSE,0.8,RIGHT,SCV,RAIL,N_O,0.40,0.40,1.50
0 445 010 105,Bosch,FALSE,0.8,RIGHT,SCV,RAIL,N_O,0.40,0.40,1.52
0 445 010 106,Bosch,FALSE,0.8,RIGHT,SCV,RAIL,N_O,0.40,0.40,1.52
0 445 010 107,Bosch,FALSE,0.8,LEFT,SCV,RAIL,N_O,0.40,0.40,1.62
0 445 010 108,Bosch,FALSE,3.6,RIGHT,SCV,RAIL,N_O,0.40,0.40,1.62
0 445 010 110,Bosch,FALSE,3.7,RIGHT,SCV,RAIL,N_O,0.40,0.40,1.62
0 445 010 111,Bosch,FALSE,3.7,RIGHT,SCV,RAIL,N_O,0.40,0.40,1.62
0 445 010 112,Bosch,FALSE,0.8,RIGHT,SCV,RAIL,N_O,0.40,0.40,1.52
0 445 010 113,Bosch,FALSE,0.8,RIGHT,SCV,RAIL,N_O,0.40,0.40,1.52
0 445 010 114,Bosch,FALSE,0.8,RIGHT,SCV,RAIL,N_O,0.40,0.40,1.52
0 445 010 115,Bosch,FALSE,0.8,RIGHT,SCV,RAIL,N_O,0.40,0.40,1.62
0 445 010 117,Bosch,FALSE,3.7,LEFT,SCV,RAIL,N_O,0.40,0.40,1.62
0 445 010 118,Bosch,FALSE,0.8,RIGHT,SCV,RAIL,N_O,0.40,0.40,1.70
0 445 010 119,Bosch,FALSE,0.8,LEFT,SCV,RAIL,N_O,0.40,0.40,1.62
0 445 010 120,Bosch,FALSE,3.7,LEFT,SCV,RAIL,N_O,0.40,0.40,1.62
0 445 010 121,Bosch,FALSE,3.7,RIGHT,SCV,RAIL,N_O,0.40,0.40,1.62
0 445 010 122,Bosch,FALSE,3.7,RIGHT,SCV,RAIL,N_O,0.40,0.40,1.70
0 445 010 123,Bosch,FALSE,5.0,RIGHT,SCV,RAIL,N_O,0.40,0.40,1.70
0 445 010 124,Bosch,FALSE,0.8,RIGHT,SCV,RAIL,N_O,0.40,0.40,1.70
0 445 010 125,Bosch,FALSE,0.8,RIGHT,SCV,RAIL,N_O,0.40,0.40,1.62
0 445 010 126,Bosch,FALSE,3.7,RIGHT,SCV,RAIL,N_O,0.40,0.40,1.62
0 445 010 127,Bosch,FALSE,3.7,LEFT,SCV,RAIL,N_O,0.40,0.40,1.62
0 445 010 128,Bosch,FALSE,5.0,RIGHT,SCV,RAIL,N_O,0.40,0.40,1.70
0 445 010 129,Bosch,FALSE,5.0,RIGHT,SCV,RAIL,N_O,0.40,0.40,1.70
0 445 010 130,Bosch,FALSE,5.0,RIGHT,SCV,RAIL,N_O,0.40,0.40,1.70
0 445 010 131,Bosch,FALSE,0.8,RIGHT,SCV,RAIL,N_C,1.70,0.54,1.70
0 445 010 132,Bosch,FALSE,1.9,RIGHT,NO_CONFIG,RAIL_AND_PUMP,NO_TYPE,,,
0 445 010 133,Bosch,FALSE,0.8,RIGHT,SCV,RAIL,N_O,0.40,0.40,1.70
0 445 010 134,Bosch,FALSE,0.8,RIGHT,SCV,RAIL,N_O,0.40,0.40,1.52
0 445 010 135,Bosch,FALSE,3.7,LEFT,SCV,RAIL,N_O,0.40,0.40,1.62
0 445 010 136,Bosch,FALSE,0.8,RIGHT,SCV,RAIL,N_O,0.40,0.40,1.70
0 445 010 137,Bosch,FALSE,5.0,RIGHT,SCV,RAIL,N_O,0.40,0.40,1.70
0 445 010 138,Bosch,FALSE,1.9,RIGHT,NO_CONFIG,RAIL,NO_TYPE,,,
0 445 010 139,Bosch,FALSE,0.8,RIGHT,SCV,RAIL,N_O,0.40,0.40,1.70
0 445 010 140,Bosch,FALSE,0.8,LEFT,SCV,RAIL,N_O,0.40,0.40,1.70
0 445 010 141,Bosch,FALSE,0.8,LEFT,SCV,RAIL,N_O,0.40,0.40,1.62
0 445 010 142,Bosch,FALSE,4.5,RIGHT,SCV,RAIL,N_O,0.40,0.40,1.70
0 445 010 143,Bosch,FALSE,3.7,LEFT,SCV,RAIL,N_O,0.40,0.40,1.62
0 445 010 144,Bosch,FALSE,3.7,LEFT,SCV,RAIL,N_O,0.40,0.40,1.62
0 445 010 145,Bosch,FALSE,3.7,LEFT,SCV,RAIL,N_O,0.40,0.40,1.62
0 445 010 146,Bosch,FALSE,3.7,RIGHT,SCV,RAIL,N_O,0.40,0.40,1.62
0 445 010 147,Bosch,FALSE,0.8,LEFT,SCV,RAIL,N_O,0.40,0.40,1.70
0 445 010 148,Bosch,FALSE,0.8,RIGHT,SCV,RAIL,N_C,1.50,0.52,1.50
0 445 010 149,Bosch,FALSE,3.7,LEFT,SCV,RAIL,N_O,0.40,0.40,1.62
0 445 010 150,Bosch,FALSE,5.0,RIGHT,SCV,RAIL,N_O,0.40,0.40,1.70
0 445 010 152,Bosch,FALSE,3.6,RIGHT,SCV,RAIL,N_O,0.40,0.40,1.62
0 445 010 153,Bosch,FALSE,3.7,RIGHT,SCV,RAIL,N_O,0.40,0.40,1.62
0 445 010 154,Bosch,FALSE,0.8,RIGHT,SCV,RAIL,N_O,0.40,0.40,1.70
0 445 010 155,Bosch,FALSE,5.0,RIGHT,SCV,RAIL,N_O,0.40,0.40,1.70
0 445 010 156,Bosch,FALSE,5.0,RIGHT,SCV,RAIL,N_O,0.40,0.40,1.70
0 445 010 157,Bosch,FALSE,3.7,RIGHT,SCV,RAIL,N_O,0.40,0.40,1.70
0 445 010 158,Bosch,FALSE,0.8,RIGHT,SCV,RAIL,N_C,1.70,0.54,1.70
0 445 010 159,Bosch,FALSE,0.8,RIGHT,SCV,RAIL,N_C,1.70,0.54,1.70
0 445 010 162,Bosch,FALSE,1.9,RIGHT,EAV,RAIL_AND_PUMP,N_O,0,,
0 445 010 163,Bosch,FALSE,1.9,RIGHT,EAV,RAIL_AND_PUMP,N_O,0,,
0 445 010 164,Bosch,FALSE,1.9,RIGHT,NO_CONFIG,RAIL_AND_PUMP,NO_TYPE,,,
0 445 010 165,Bosch,FALSE,0.8,RIGHT,SCV,RAIL,N_C,1.70,0.54,1.70
0 445 010 166,Bosch,FALSE,3.6,RIGHT,SCV,RAIL,N_O,0.40,0.40,1.70
0 445 010 167,Bosch,FALSE,3.7,LEFT,SCV,RAIL,N_O,0.40,0.40,1.62
0 445 010 168,Bosch,FALSE,3.7,LEFT,SCV,RAIL,N_O,0.40,0.40,1.62
0 445 010 169,Bosch,FALSE,0.8,RIGHT,SCV,RAIL,N_C,1.70,0.54,1.70
0 445 010 170,Bosch,FALSE,0.8,LEFT,SCV,RAIL,N_O,0.40,0.40,1.70
0 445 010 171,Bosch,FALSE,0.8,RIGHT,SCV,RAIL,N_O,0.40,0.40,1.70
0 445 010 173,Bosch,FALSE,5.0,RIGHT,SCV,RAIL,N_O,0.40,0.40,1.70
0 445 010 176,Bosch,FALSE,0.8,RIGHT,SCV,RAIL,N_C,1.70,0.54,1.70
0 445 010 177,Bosch,FALSE,0.8,RIGHT,SCV,RAIL,N_C,1.70,0.54,1.70
0 445 010 178,Bosch,FALSE,1.9,RIGHT,NO_CONFIG,RAIL,NO_TYPE,,,
0 445 010 179,Bosch,FALSE,0.8,RIGHT,SCV,RAIL,N_C,1.70,0.54,1.70
0 445 010 180,Bosch,FALSE,4.5,RIGHT,SCV,RAIL,N_O,0.40,0.40,1.70
0 445 010 181,Bosch,FALSE,5.0,RIGHT,SCV,RAIL,N_O,0.40,0.40,1.70
0 445 010 182,Bosch,FALSE,0.8,RIGHT,SCV,RAIL,N_C,1.70,0.54,1.70
0 445 010 183,Bosch,FALSE,4.5,RIGHT,SCV,RAIL,N_O,0.40,0.40,1.70
0 445 010 184,Bosch,FALSE,4.5,RIGHT,SCV,RAIL,N_O,0.40,0.40,1.70
0 445 010 185,Bosch,FALSE,4.5,RIGHT,SCV,RAIL,N_O,0.40,0.40,1.70
0 445 010 186,Bosch,FALSE,0.8,RIGHT,SCV,RAIL,N_C,1.70,0.54,1.70
0 445 010 187,Bosch,FALSE,0.8,RIGHT,SCV,RAIL,N_O,0.40,0.40,1.70
0 445 010 188,Bosch,FALSE,0.8,RIGHT,SCV,RAIL,N_O,0.40,0.40,1.70
0 445 010 190,Bosch,FALSE,3.7,LEFT,SCV,RAIL,N_O,0.40,0.40,1.62
0 445 010 191,Bosch,FALSE,0.8,RIGHT,SCV,RAIL,N_C,1.70,0.54,1.70
0 445 010 193,Bosch,FALSE,4.5,RIGHT,SCV,RAIL,N_O,0.40,0.40,1.70
0 445 010 194,Bosch,FALSE,3.7,RIGHT,SCV,RAIL,N_O,0.40,0.40,1.62
0 445 010 195,Bosch,FALSE,0.8,RIGHT,SCV,RAIL,N_O,0.40,0.40,1.70
0 445 010 196,Bosch,FALSE,0.8,LEFT,SCV,RAIL,N_C,1.50,0.52,1.50
0 445 010 197,Bosch,FALSE,0.8,LEFT,SCV,RAIL,N_O,0.40,0.40,1.70
0 445 010 198,Bosch,FALSE,0.8,LEFT,SCV,RAIL,N_C,1.70,0.54,1.70
0 445 010 199,Bosch,FALSE,0.8,LEFT,SCV,RAIL,N_O,0.40,0.40,1.70
0 445 010 200,Bosch,FALSE,0.8,RIGHT,SCV,RAIL,N_C,1.70,0.54,1.70
0 445 010 201,Bosch,FALSE,1.9,RIGHT,NO_CONFIG,RAIL,NO_TYPE,,,
0 445 010 202,Bosch,FALSE,4.5,RIGHT,SCV,RAIL,N_O,0.40,0.40,1.70
0 445 010 203,Bosch,FALSE,1.9,RIGHT,NO_CONFIG,RAIL,NO_TYPE,,,
0 445 010 204,Bosch,FALSE,3.7,RIGHT,SCV,RAIL,N_O,0.40,0.40,1.70
0 445 010 205,Bosch,FALSE,0.8,LEFT,SCV,RAIL,N_C,1.50,0.54,1.50
0 445 010 206,Bosch,FALSE,0.8,RIGHT,SCV,RAIL,N_C,1.50,0.54,1.50
0 445 010 207,Bosch,FALSE,0.8,RIGHT,SCV,RAIL,N_C,1.70,0.54,1.70
0 445 010 208,Bosch,FALSE,0.8,LEFT,SCV,RAIL,N_O,0.40,0.40,1.70
0 445 010 210,Bosch,FALSE,3.7,LEFT,SCV,RAIL,N_O,0.40,0.40,1.50
0 445 010 211,Bosch,FALSE,3.7,LEFT,SCV,RAIL,N_O,0.40,0.40,1.70
0 445 010 212,Bosch,FALSE,0.8,RIGHT,SCV,RAIL,N_C,1.50,0.54,1.50
0 445 010 213,Bosch,FALSE,0.8,LEFT,SCV,RAIL,N_O,0.40,0.40,1.62
0 445 010 214,Bosch,FALSE,0.8,RIGHT,SCV,RAIL,N_O,0.40,0.40,1.52
0 445 010 216,Bosch,FALSE,0.8,RIGHT,SCV,RAIL,N_C,1.50,0.54,1.50
0 445 010 217,Bosch,FALSE,0.8,RIGHT,SCV,RAIL,N_C,1.70,0.54,1.70
0 445 010 218,Bosch,FALSE,0.8,RIGHT,SCV,RAIL,N_C,1.50,0.52,1.50
0 445 010 219,Bosch,FALSE,0.8,RIGHT,SCV,RAIL,N_C,1.70,0.54,1.70
0 445 010 221,Bosch,FALSE,0.8,RIGHT,SCV,RAIL,N_C,1.70,0.54,1.70
0 445 010 222,Bosch,FALSE,3.7,RIGHT,SCV,RAIL,N_O,0.40,0.40,1.70
0 445 010 223,Bosch,FALSE,0.8,LEFT,SCV,RAIL,N_O,0.40,0.40,1.70
0 445 010 224,Bosch,FALSE,0.8,RIGHT,SCV,RAIL,N_C,1.70,0.54,1.70
0 445 010 225,Bosch,FALSE,0.8,RIGHT,SCV,RAIL,N_O,0.40,0.40,1.70
0 445 010 228,Bosch,FALSE,3.7,RIGHT,SCV,RAIL,N_O,0.40,0.40,1.62
0 445 010 230,Bosch,FALSE,0.8,RIGHT,SCV,RAIL,N_C,1.70,0.54,1.70
0 445 010 231,Bosch,FALSE,5.0,RIGHT,SCV,RAIL,N_O,0.40,0.40,1.70
0 445 010 232,Bosch,FALSE,3.6,RIGHT,SCV,RAIL,N_O,0.40,0.40,1.70
0 445 010 233,Bosch,FALSE,5.0,RIGHT,SCV,RAIL,N_O,0.40,0.40,1.70
0 445 010 234,Bosch,FALSE,0.8,LEFT,SCV,RAIL,N_C,1.50,0.54,1.50
0 445 010 235,Bosch,FALSE,0.8,RIGHT,SCV,RAIL,N_C,1.70,0.54,1.70
0 445 010 236,Bosch,FALSE,4.5,RIGHT,SCV,RAIL,N_O,0.40,0.40,1.70
0 445 010 237,Bosch,FALSE,0.8,RIGHT,SCV,RAIL,N_C,1.50,0.52,1.50
0 445 010 238,Bosch,FALSE,3.7,RIGHT,SCV,RAIL,N_O,0.40,0.40,1.70
0 445 010 240,Bosch,FALSE,0.8,RIGHT,SCV,RAIL,N_O,0.40,0.40,1.70
0 445 010 241,Bosch,FALSE,4.5,RIGHT,SCV,RAIL,N_O,0.40,0.40,1.70
0 445 010 242,Bosch,FALSE,3.7,RIGHT,SCV,RAIL,N_O,0.40,0.40,1.70
0 445 010 243,Bosch,FALSE,3.7,RIGHT,SCV,RAIL,N_O,0.40,0.40,1.70
0 445 010 244,Bosch,FALSE,3.7,LEFT,SCV,RAIL,N_O,0.40,0.40,1.70
0 445 010 245,Bosch,FALSE,3.7,LEFT,SCV,RAIL,N_O,0.40,0.40,1.50
0 445 010 246,Bosch,FALSE,3.7,LEFT,SCV,RAIL,N_O,0.40,0.40,1.70
0 445 010 247,Bosch,FALSE,3.7,RIGHT,SCV,RAIL,N_O,0.40,0.40,1.70
0 445 010 248,Bosch,FALSE,3.7,RIGHT,SCV,RAIL,N_O,0.40,0.40,1.70
0 445 010 249,Bosch,FALSE,0.8,RIGHT,SCV,RAIL,N_O,0.40,0.40,1.70
0 445 010 250,Bosch,FALSE,3.7,LEFT,SCV,RAIL,N_O,0.40,0.40,1.70
0 445 010 251,Bosch,FALSE,0.8,RIGHT,SCV,RAIL,N_C,1.70,0.54,1.70
0 445 010 252,Bosch,FALSE,4.5,LEFT,SCV,RAIL,N_O,0.40,0.54,1.70
0 445 010 253,Bosch,FALSE,1.9,LEFT,NO_CONFIG,RAIL,NO_TYPE,,,
0 445 010 254,Bosch,FALSE,3.7,RIGHT,SCV,RAIL,N_C,1.50,0.50,1.50
0 445 010 255,Bosch,FALSE,3.7,RIGHT,SCV,RAIL,N_O,0.40,0.40,1.70
0 445 010 256,Bosch,FALSE,3.7,RIGHT,SCV,RAIL,N_O,0.40,0.40,1.70
0 445 010 257,Bosch,FALSE,0.8,RIGHT,SCV,RAIL,N_O,0.40,0.40,1.70
0 445 010 258,Bosch,FALSE,0.8,RIGHT,SCV,RAIL,N_O,0.40,0.40,1.52
0 445 010 259,Bosch,FALSE,3.7,RIGHT,SCV,RAIL,N_O,0.40,0.40,1.70
0 445 010 260,Bosch,FALSE,3.7,RIGHT,SCV,RAIL,N_C,1.50,0.50,1.50
0 445 010 261,Bosch,FALSE,0.8,RIGHT,SCV,RAIL,N_C,1.70,0.54,1.70
0 445 010 264,Bosch,FALSE,3.7,RIGHT,SCV,RAIL,N_O,0.40,0.40,1.62
0 445 010 265,Bosch,FALSE,3.7,RIGHT,SCV,RAIL,N_C,1.50,0.50,1.50
0 445 010 266,Bosch,FALSE,3.7,RIGHT,SCV,RAIL,N_C,1.50,0.50,1.50
0 445 010 267,Bosch,FALSE,1.9,RIGHT,NO_CONFIG,RAIL,NO_TYPE,,,
0 445 010 268,Bosch,FALSE,1.9,LEFT,NO_CONFIG,RAIL,NO_TYPE,,,
0 445 010 269,Bosch,FALSE,1.9,LEFT,EAV,RAIL,N_O,0,,
0 445 010 270,Bosch,FALSE,1.9,LEFT,NO_CONFIG,RAIL,NO_TYPE,,,
0 445 010 271,Bosch,FALSE,1.9,LEFT,NO_CONFIG,RAIL,NO_TYPE,,,
0 445 010 272,Bosch,FALSE,1.9,LEFT,EAV,RAIL,N_O,0,,
0 445 010 273,Bosch,FALSE,1.9,RIGHT,EAV,RAIL,N_O,0,,
0 445 010 274,Bosch,FALSE,1.9,LEFT,NO_CONFIG,RAIL,NO_TYPE,,,
0 445 010 275,Bosch,FALSE,1.9,LEFT,EAV,RAIL,N_O,0,,
0 445 010 276,Bosch,FALSE,1.9,RIGHT,NO_CONFIG,RAIL,NO_TYPE,,,
0 445 010 277,Bosch,FALSE,1.9,RIGHT,NO_CONFIG,RAIL,NO_TYPE,,,
0 445 010 278,Bosch,FALSE,1.9,RIGHT,NO_CONFIG,RAIL,NO_TYPE,,,
0 445 010 279,Bosch,FALSE,1.9,RIGHT,NO_CONFIG,RAIL,NO_TYPE,,,
0 445 010 280,Bosch,FALSE,1.9,RIGHT,NO_CONFIG,RAIL,NO_TYPE,,,
0 445 010 281,Bosch,FALSE,1.9,RIGHT,NO_CONFIG,RAIL,NO_TYPE,,,
0 445 010 282,Bosch,FALSE,1.9,RIGHT,EAV,RAIL_AND_PUMP,N_O,0,,
0 445 010 283,Bosch,FALSE,1.9,RIGHT,EAV,RAIL_AND_PUMP,N_O,0,,
0 445 010 284,Bosch,FALSE,1.9,RIGHT,NO_CONFIG,RAIL_AND_PUMP,NO_TYPE,,,
0 445 010 285,Bosch,FALSE,5.0,RIGHT,SCV,RAIL,N_O,0.40,0.40,1.70
0 445 010 286,Bosch,FALSE,5.0,RIGHT,SCV,RAIL,N_O,0.40,0.40,1.70
0 445 010 287,Bosch,FALSE,5.0,RIGHT,SCV,RAIL,N_O,0.40,0.40,1.70
0 445 010 288,Bosch,FALSE,5.0,RIGHT,SCV,RAIL,N_O,0.40,0.40,1.70
0 445 010 289,Bosch,FALSE,0.8,RIGHT,SCV,RAIL,N_O,0.40,0.40,1.70
0 445 010 290,Bosch,FALSE,0.8,RIGHT,SCV,RAIL,N_C,1.50,0.54,1.50
0 445 010 291,Bosch,FALSE,4.5,RIGHT,SCV,RAIL,N_O,0.40,0.40,1.70
0 445 010 292,Bosch,FALSE,3.7,RIGHT,SCV,RAIL,N_O,0.40,0.40,1.70
0 445 010 293,Bosch,FALSE,3.7,RIGHT,SCV,RAIL,N_O,0.40,0.40,1.70
0 445 010 294,Bosch,FALSE,5.0,RIGHT,SCV,RAIL,N_O,0.40,0.40,1.70
0 445 010 295,Bosch,FALSE,0.8,LEFT,SCV,RAIL,N_C,1.50,0.52,1.50
0 445 010 296,Bosch,FALSE,0.8,RIGHT,SCV,RAIL,N_C,1.50,0.54,1.50
0 445 010 297,Bosch,FALSE,0.8,RIGHT,SCV,RAIL,N_C,1.50,0.54,1.50
0 445 010 298,Bosch,FALSE,0.8,RIGHT,SCV,RAIL,N_O,0.40,0.40,1.70
0 445 010 300,Bosch,FALSE,3.7,RIGHT,SCV,RAIL,N_O,0.40,0.40,1.70
0 445 010 301,Bosch,FALSE,3.7,RIGHT,SCV,RAIL,N_O,0.40,0.40,1.70
0 445 010 302,Bosch,FALSE,4.5,RIGHT,SCV,RAIL,N_O,0.40,0.40,1.70
0 445 010 303,Bosch,FALSE,4.5,RIGHT,SCV,RAIL,N_O,0.40,0.40,1.70
0 445 010 304,Bosch,FALSE,3.7,RIGHT,SCV,RAIL,N_O,0.40,0.40,1.70
0 445 010 305,Bosch,FALSE,3.7,RIGHT,SCV,RAIL,N_O,0.40,0.40,1.70
0 445 010 306,Bosch,FALSE,3.7,RIGHT,SCV,RAIL,N_C,1.50,0.50,1.50
0 445 010 307,Bosch,FALSE,3.7,RIGHT,SCV,RAIL,N_C,1.50,0.50,1.50
0 445 010 308,Bosch,FALSE,3.6,RIGHT,SCV,RAIL,N_O,0.40,0.40,1.70
0 445 010 309,Bosch,FALSE,3.6,RIGHT,SCV,RAIL,N_O,0.40,0.40,1.70
0 445 010 310,Bosch,FALSE,3.7,RIGHT,SCV,RAIL,N_O,0.40,0.40,1.70
0 445 010 311,Bosch,FALSE,3.7,RIGHT,SCV,RAIL,N_O,0.40,0.40,1.70
0 445 010 312,Bosch,FALSE,0.8,RIGHT,SCV,RAIL,N_C,1.50,0.54,1.50
0 445 010 313,Bosch,FALSE,0.8,RIGHT,SCV,RAIL,N_C,1.50,0.52,1.50
0 445 010 314,Bosch,FALSE,0.8,RIGHT,SCV,RAIL,N_O,0.40,0.40,1.70
0 445 010 315,Bosch,FALSE,3.7,RIGHT,SCV,RAIL,N_O,0.40,0.40,1.70
0 445 010 316,Bosch,FALSE,3.7,RIGHT,SCV,RAIL,N_O,0.40,0.40,1.70
0 445 010 317,Bosch,FALSE,5.0,RIGHT,SCV,RAIL,N_O,0.40,0.40,1.70
0 445 010 318,Bosch,FALSE,5.0,RIGHT,SCV,RAIL,N_O,0.40,0.40,1.70
0 445 010 319,Bosch,FALSE,3.7,RIGHT,SCV,RAIL,N_C,1.50,0.50,1.50
0 445 010 320,Bosch,FALSE,3.7,RIGHT,SCV,RAIL,N_C,1.50,0.50,1.50
0 445 010 321,Bosch,FALSE,3.7,RIGHT,SCV,RAIL,N_O,0.40,0.40,1.70
0 445 010 322,Bosch,FALSE,3.7,LEFT,SCV,RAIL,N_O,0.40,0.40,1.70
0 445 010 323,Bosch,FALSE,3.7,LEFT,SCV,RAIL,N_O,0.40,0.40,1.70
0 445 010 324,Bosch,FALSE,0.8,LEFT,SCV,RAIL,N_O,0.40,0.40,1.70
0 445 010 327,Bosch,FALSE,0.8,RIGHT,SCV,RAIL,N_O,0.40,0.40,1.70
0 445 010 328,Bosch,FALSE,0.8,RIGHT,SCV,RAIL,N_O,0.40,0.40,1.70
0 445 010 329,Bosch,FALSE,0.8,RIGHT,SCV,RAIL,N_C,1.50,0.52,1.50
0 445 010 330,Bosch,FALSE,0.8,RIGHT,SCV,RAIL,N_C,1.70,0.54,1.70
0 445 010 331,Bosch,FALSE,0.8,RIGHT,SCV,RAIL,N_O,0.40,0.40,1.70
0 445 010 332,Bosch,FALSE,4.5,RIGHT,SCV,RAIL,N_O,0.40,0.40,1.70
0 445 010 333,Bosch,FALSE,0.8,RIGHT,SCV,RAIL,N_C,1.70,0.54,1.70
0 445 010 334,Bosch,FALSE,0.8,LEFT,SCV,RAIL,N_O,0.40,0.40,1.62
0 445 010 335,Bosch,FALSE,5.0,RIGHT,SCV,RAIL,N_O,0.40,0.40,1.60
0 445 010 336,Bosch,FALSE,3.7,LEFT,SCV,RAIL,N_O,0.40,0.40,1.62
0 445 010 339,Bosch,FALSE,3.7,LEFT,SCV,RAIL,N_O,0.40,0.40,1.62
0 445 010 340,Bosch,FALSE,0.8,LEFT,SCV,RAIL,N_O,0.40,0.40,1.62
0 445 010 341,Bosch,FALSE,3.7,LEFT,SCV,RAIL,N_O,0.40,0.40,1.62
0 445 010 342,Bosch,FALSE,3.7,RIGHT,SCV,RAIL,N_O,0.40,0.40,1.62
0 445 010 343,Bosch,FALSE,0.8,RIGHT,SCV,RAIL,N_O,0.40,0.40,1.62
0 445 010 344,Bosch,FALSE,3.7,LEFT,SCV,RAIL,N_O,0.40,0.40,1.62
0 445 010 345,Bosch,FALSE,3.7,LEFT,SCV,RAIL,N_O,0.40,0.40,1.62
0 445 010 346,Bosch,FALSE,3.7,LEFT,SCV,RAIL,N_O,0.40,0.40,1.62
0 445 010 347,Bosch,FALSE,3.7,LEFT,SCV,RAIL,N_O,0.40,0.40,1.62
0 445 010 348,Bosch,FALSE,3.7,RIGHT,SCV,RAIL,N_O,0.40,0.40,1.62
0 445 010 349,Bosch,FALSE,5.0,RIGHT,SCV,RAIL,N_O,0.40,0.40,1.70
0 445 010 350,Bosch,FALSE,3.6,RIGHT,SCV,RAIL,N_O,0.40,0.40,1.70
0 445 010 351,Bosch,FALSE,0.8,LEFT,SCV,RAIL,N_C,1.50,0.54,1.50
0 445 010 352,Bosch,FALSE,3.7,LEFT,SCV,RAIL,N_O,0.40,0.40,1.62
0 445 010 354,Bosch,FALSE,0.8,RIGHT,SCV,RAIL,N_O,0.40,0.40,1.62
0 445 010 355,Bosch,FALSE,0.8,RIGHT,SCV,RAIL,N_O,0.40,0.40,1.62
0 445 010 356,Bosch,FALSE,3.7,LEFT,SCV,RAIL,N_O,0.40,0.40,1.62
0 445 010 357,Bosch,FALSE,3.7,LEFT,SCV,RAIL,N_O,0.40,0.40,1.62
0 445 010 358,Bosch,FALSE,0.8,LEFT,SCV,RAIL,N_O,0.40,0.40,1.62
0 445 010 359,Bosch,FALSE,3.7,LEFT,SCV,RAIL,N_O,0.40,0.40,1.50
0 445 010 360,Bosch,FALSE,3.7,LEFT,SCV,RAIL,N_O,0.40,0.40,1.70
0 445 010 361,Bosch,FALSE,3.7,LEFT,SCV,RAIL,N_O,0.40,0.40,1.70
0 445 010 362,Bosch,FALSE,3.7,LEFT,SCV,RAIL,N_O,0.40,0.40,1.50
0 445 010 363,Bosch,FALSE,3.7,LEFT,SCV,RAIL,N_O,0.40,0.40,1.70
0 445 010 365,Bosch,FALSE,4.5,RIGHT,SCV,RAIL,N_O,0.40,0.40,1.70
0 445 010 367,Bosch,FALSE,0.8,RIGHT,SCV,RAIL,N_O,0.40,0.40,1.70
0 445 010 368,Bosch,FALSE,0.8,RIGHT,SCV,RAIL,N_C,1.70,0.54,1.70
0 445 010 369,Bosch,FALSE,0.8,RIGHT,SCV,RAIL,N_C,1.70,0.54,1.70
0 445 010 370,Bosch,FALSE,0.8,RIGHT,SCV,RAIL,N_C,1.70,0.54,1.70
0 445 010 371,Bosch,FALSE,4.5,RIGHT,SCV,RAIL,N_O,0.40,0.40,1.70
0 445 010 372,Bosch,FALSE,0.8,RIGHT,SCV,RAIL,N_C,1.70,0.54,1.70
0 445 010 373,Bosch,FALSE,0.8,RIGHT,SCV,RAIL,N_C,1.70,0.54,1.70
0 445 010 374,Bosch,FALSE,0.8,RIGHT,SCV,RAIL,N_C,1.70,0.54,1.70
0 445 010 375,Bosch,FALSE,0.8,RIGHT,SCV,RAIL,N_C,1.70,0.54,1.70
0 445 010 376,Bosch,FALSE,0.8,RIGHT,SCV,RAIL,N_C,1.70,0.54,1.70
0 445 010 377,Bosch,FALSE,0.8,RIGHT,SCV,RAIL,N_O,0.40,0.40,1.70
0 445 010 378,Bosch,FALSE,4.5,RIGHT,SCV,RAIL,N_O,0.40,0.40,1.70
0 445 010 379,Bosch,FALSE,0.8,RIGHT,SCV,RAIL,N_C,1.70,0.54,1.70
0 445 010 381,Bosch,FALSE,3.7,RIGHT,SCV,RAIL,N_O,0.40,0.40,1.70
0 445 010 382,Bosch,FALSE,3.7,RIGHT,SCV,RAIL,N_O,0.40,0.40,1.70
0 445 010 383,Bosch,FALSE,0.8,RIGHT,SCV,RAIL,N_O,0.40,0.40,1.70
0 445 010 384,Bosch,FALSE,0.8,RIGHT,SCV,RAIL,N_C,1.70,0.54,1.70
0 445 010 385,Bosch,FALSE,4.5,LEFT,SCV,RAIL,N_O,0.40,0.54,1.70
0 445 010 386,Bosch,FALSE,1.9,LEFT,NO_CONFIG,RAIL,NO_TYPE,,,
0 445 010 387,Bosch,FALSE,3.7,RIGHT,SCV,RAIL,N_O,0.40,0.40,1.70
0 445 010 388,Bosch,FALSE,3.7,RIGHT,SCV,RAIL,N_O,0.40,0.40,1.70
0 445 010 389,Bosch,FALSE,5.0,RIGHT,SCV,RAIL,N_O,0.40,0.40,1.70
0 445 010 390,Bosch,FALSE,0.8,RIGHT,SCV,RAIL,N_O,0.40,0.40,1.70
0 445 010 391,Bosch,FALSE,0.8,RIGHT,SCV,RAIL,N_C,1.50,0.52,1.50
0 445 010 392,Bosch,FALSE,0.8,RIGHT,SCV,RAIL,N_O,0.40,0.40,1.52
0 445 010 393,Bosch,FALSE,3.7,RIGHT,SCV,RAIL,N_O,0.40,0.40,1.70
0 445 010 394,Bosch,FALSE,3.7,RIGHT,SCV,RAIL,N_O,0.40,0.40,1.70
0 445 010 397,Bosch,FALSE,3.7,RIGHT,SCV,RAIL,N_C,1.50,0.50,1.50
0 445 010 398,Bosch,FALSE,0.8,RIGHT,SCV,RAIL,N_C,1.50,0.52,1.50
0 445 010 399,Bosch,FALSE,0.8,RIGHT,SCV,RAIL,N_O,0.40,0.40,1.70
0 445 010 400,Bosch,FALSE,3.7,RIGHT,SCV,RAIL,N_O,0.40,0.40,1.70
0 445 010 401,Bosch,FALSE,3.7,RIGHT,SCV,RAIL,N_O,0.40,0.40,1.70
0 445 010 402,Bosch,FALSE,0.8,RIGHT,SCV,RAIL,N_C,1.50,0.52,1.50
0 445 010 403,Bosch,FALSE,0.8,RIGHT,SCV,RAIL,N_O,0.40,0.40,1.70
0 445 010 405,Bosch,FALSE,1.9,RIGHT,NO_CONFIG,RAIL,NO_TYPE,,,
0 445 010 406,Bosch,FALSE,4.5,LEFT,SCV,RAIL,N_O,0.40,0.40,1.70
0 445 010 407,Bosch,FALSE,4.5,RIGHT,SCV,RAIL,N_O,0.40,0.40,1.70
0 445 010 408,Bosch,FALSE,4.5,RIGHT,SCV,RAIL,N_O,0.40,0.40,1.70
0 445 010 409,Bosch,FALSE,0.8,RIGHT,SCV,RAIL,N_C,1.50,0.40,1.50
0 445 010 410,Bosch,FALSE,0.8,RIGHT,SCV,RAIL,N_O,0.40,0.40,1.70
0 445 010 411,Bosch,FALSE,0.8,RIGHT,SCV,RAIL,N_O,0.40,0.40,1.70
0 445 010 412,Bosch,FALSE,1.9,RIGHT,NO_CONFIG,RAIL,NO_TYPE,,,
0 445 010 413,Bosch,FALSE,1.9,RIGHT,NO_CONFIG,RAIL,NO_TYPE,,,
0 445 010 414,Bosch,FALSE,4.5,RIGHT,SCV,RAIL,N_C,1.50,0.40,1.50
0 445 010 415,Bosch,FALSE,0.8,RIGHT,SCV,RAIL,N_C,1.50,0.40,1.50
0 445 010 416,Bosch,FALSE,0.8,RIGHT,SCV,RAIL,N_C,1.50,0.40,1.50
0 445 010 418,Bosch,FALSE,0.8,RIGHT,SCV,RAIL,N_O,0.40,0.40,1.70
0 445 010 419,Bosch,FALSE,0.8,RIGHT,SCV,RAIL,N_C,1.70,0.54,1.70
0 445 010 420,Bosch,FALSE,0.8,RIGHT,SCV,RAIL,N_C,1.70,0.54,1.70
0 445 010 421,Bosch,FALSE,3.7,RIGHT,SCV,RAIL,N_O,0.40,0.40,1.70
0 445 010 422,Bosch,FALSE,4.5,RIGHT,SCV,RAIL,N_O,0.40,0.40,1.70
0 445 010 423,Bosch,FALSE,0.8,RIGHT,SCV,RAIL,N_O,0.40,0.40,1.70
0 445 010 424,Bosch,FALSE,3.7,RIGHT,SCV,RAIL,N_C,1.50,0.50,1.50
0 445 010 425,Bosch,FALSE,4.5,RIGHT,SCV,RAIL,N_C,1.50,0.40,1.50
0 445 010 426,Bosch,FALSE,4.5,RIGHT,SCV,RAIL,N_C,1.50,0.40,1.50
0 445 010 427,Bosch,FALSE,4.5,LEFT,SCV,RAIL,N_O,0.40,0.40,1.70
0 445 010 428,Bosch,FALSE,0.8,RIGHT,SCV,RAIL,N_C,1.50,0.40,1.50
0 445 010 429,Bosch,FALSE,0.8,RIGHT,SCV,RAIL,N_O,0.40,0.40,1.70
0 445 010 430,Bosch,FALSE,3.7,RIGHT,SCV,RAIL,N_O,0.40,0.40,1.70
0 445 010 431,Bosch,FALSE,3.7,RIGHT,SCV,RAIL,N_O,0.40,0.40,1.70
0 445 010 432,Bosch,FALSE,3.7,RIGHT,SCV,RAIL,N_O,0.40,0.40,1.70
0 445 010 433,Bosch,FALSE,3.7,RIGHT,SCV,RAIL,N_O,0.40,0.40,1.70
0 445 010 434,Bosch,FALSE,0.8,RIGHT,SCV,RAIL,N_C,1.50,0.52,1.50
0 445 010 435,Bosch,FALSE,0.8,RIGHT,SCV,RAIL,N_C,1.70,0.54,1.70
0 445 010 438,Bosch,FALSE,3.7,RIGHT,SCV,RAIL,N_C,1.50,0.50,1.50
0 445 010 439,Bosch,FALSE,4.5,LEFT,SCV,RAIL,N_O,0.40,0.40,1.70
0 445 010 440,Bosch,FALSE,0.8,RIGHT,SCV,RAIL,N_C,1.70,0.54,1.70
0 445 010 441,Bosch,FALSE,4.5,RIGHT,SCV,RAIL,N_O,0.40,0.40,1.70
0 445 010 442,Bosch,FALSE,4.5,RIGHT,SCV,RAIL,N_O,0.40,0.40,1.70
0 445 010 443,Bosch,FALSE,4.5,RIGHT,SCV,RAIL,N_O,0.40,0.40,1.70
0 445 010 444,Bosch,FALSE,4.5,RIGHT,SCV,RAIL,N_O,0.40,0.40,1.70
0 445 010 445,Bosch,FALSE,4.5,RIGHT,SCV,RAIL,N_O,0.40,0.40,1.70
0 445 010 446,Bosch,FALSE,4.5,RIGHT,SCV,RAIL,N_O,0.40,0.40,1.70
0 445 010 449,Bosch,FALSE,4.5,RIGHT,SCV,RAIL,N_O,0.40,0.40,1.70
0 445 010 450,Bosch,FALSE,4.5,RIGHT,SCV,RAIL,N_O,0.40,0.40,1.70
0 445 010 451,Bosch,FALSE,0.8,RIGHT,SCV,RAIL,N_C,1.50,0.40,1.50
0 445 010 452,Bosch,FALSE,3.7,RIGHT,SCV,RAIL,N_C,1.50,0.50,1.50
0 445 010 453,Bosch,FALSE,0.8,RIGHT,SCV,RAIL,N_C,1.50,0.40,1.50
0 445 010 454,Bosch,FALSE,0.8,RIGHT,SCV,RAIL,N_C,1.50,0.40,1.50
0 445 010 455,Bosch,FALSE,3.7,RIGHT,SCV,RAIL,N_C,1.50,0.50,1.50
0 445 010 456,Bosch,FALSE,0.8,RIGHT,SCV,RAIL,N_C,1.50,0.40,1.50
0 445 010 457,Bosch,FALSE,0.8,RIGHT,SCV,RAIL,N_C,1.50,0.40,1.50
0 445 010 458,Bosch,FALSE,0.8,LEFT,SCV,RAIL,N_O,0.40,0.40,1.50
0 445 010 460,Bosch,FALSE,0.8,RIGHT,SCV,RAIL,N_O,0.40,0.40,1.50
0 445 010 461,Bosch,FALSE,0.8,LEFT,SCV,RAIL,N_O,0.40,0.40,1.50
0 445 010 463,Bosch,FALSE,3.7,RIGHT,SCV,RAIL,N_C,1.50,0.50,1.50
0 445 010 464,Bosch,FALSE,0.8,RIGHT,SCV,RAIL,N_O,0.40,0.40,1.50
0 445 010 465,Bosch,FALSE,3.7,RIGHT,SCV,RAIL,N_C,1.50,0.50,1.50
0 445 010 466,Bosch,FALSE,3.7,RIGHT,SCV,RAIL,N_C,1.50,0.50,1.50
0 445 010 467,Bosch,FALSE,3.7,RIGHT,SCV,RAIL,N_O,0.40,0.40,1.50
0 445 010 468,Bosch,FALSE,0.8,LEFT,SCV,RAIL,N_O,0.40,0.40,1.50
0 445 010 469,Bosch,FALSE,0.8,RIGHT,SCV,RAIL,N_O,0.40,0.40,1.70
0 445 010 471,Bosch,FALSE,0.8,RIGHT,SCV,RAIL,N_C,1.50,0.40,1.50
0 445 010 472,Bosch,FALSE,0.8,RIGHT,SCV,RAIL,N_C,1.50,0.40,1.50
0 445 010 474,Bosch,FALSE,0.8,RIGHT,SCV,RAIL,N_C,1.50,0.40,1.50
0 445 010 475,Bosch,FALSE,0.8,RIGHT,SCV,RAIL,N_C,1.50,0.40,1.50
0 445 010 476,Bosch,FALSE,3.7,RIGHT,SCV,RAIL,N_C,1.50,0.50,1.50
0 445 010 477,Bosch,FALSE,3.7,RIGHT,SCV,RAIL,N_C,1.50,0.50,1.50
0 445 010 478,Bosch,FALSE,0.8,RIGHT,SCV,RAIL,N_C,1.70,0.40,1.70
0 445 010 479,Bosch,FALSE,0.8,RIGHT,SCV,RAIL,N_C,1.70,0.40,1.70
0 445 010 484,Bosch,FALSE,0.8,LEFT,SCV,RAIL,N_O,0.40,0.40,1.50
0 445 010 506,Bosch,FALSE,3.7,LEFT,SCV,RAIL,N_O,0.40,0.40,1.70
0 445 010 507,Bosch,FALSE,3.7,RIGHT,SCV,RAIL,N_O,0.40,0.40,1.70
0 445 010 508,Bosch,FALSE,3.7,RIGHT,SCV,RAIL,N_O,0.40,0.40,1.70
0 445 010 509,Bosch,FALSE,3.7,LEFT,SCV,RAIL,N_O,0.40,0.40,1.70
0 445 010 510,Bosch,FALSE,3.7,LEFT,SCV,RAIL,N_O,0.40,0.40,1.70
0 445 010 511,Bosch,FALSE,3.7,RIGHT,SCV,RAIL,N_O,0.40,0.40,1.70
0 445 010 512,Bosch,FALSE,3.7,RIGHT,SCV,RAIL,N_O,0.40,0.40,1.70
0 445 010 513,Bosch,FALSE,3.7,RIGHT,SCV,RAIL,N_O,0.40,0.40,1.70
0 445 010 514,Bosch,FALSE,3.7,RIGHT,SCV,RAIL,N_O,0.40,0.40,1.70
0 445 010 516,Bosch,FALSE,0.8,RIGHT,SCV,RAIL,N_C,1.70,0.20,1.70
0 445 010 517,Bosch,FALSE,3.7,LEFT,SCV,RAIL,N_O,0.40,0.40,1.70
0 445 010 518,Bosch,FALSE,3.7,LEFT,SCV,RAIL,N_O,0.40,0.40,1.70
0 445 010 519,Bosch,FALSE,3.7,LEFT,SCV,RAIL,N_O,0.40,0.40,1.70
0 445 010 520,Bosch,FALSE,3.7,RIGHT,SCV,RAIL,N_O,0.40,0.40,1.70
0 445 010 521,Bosch,FALSE,3.7,LEFT,SCV,RAIL,N_O,0.40,0.40,1.70
0 445 010 522,Bosch,FALSE,3.7,RIGHT,SCV,RAIL,N_O,0.40,0.40,1.70
0 445 010 523,Bosch,FALSE,3.7,RIGHT,SCV,RAIL,N_O,0.40,0.40,1.70
0 445 010 524,Bosch,FALSE,3.7,LEFT,SCV,RAIL,N_O,0.40,0.40,1.70
0 445 010 525,Bosch,FALSE,3.7,RIGHT,SCV,RAIL,N_O,0.40,0.40,1.70
0 445 010 526,Bosch,FALSE,3.7,RIGHT,SCV,RAIL,N_O,0.40,0.40,1.70
0 445 010 527,Bosch,FALSE,3.7,RIGHT,SCV,RAIL,N_O,0.40,0.40,1.70
0 445 010 528,Bosch,FALSE,3.7,LEFT,SCV,RAIL,N_O,0.40,0.40,1.70
0 445 010 529,Bosch,FALSE,3.7,RIGHT,SCV,RAIL,N_O,0.40,0.40,1.70
0 445 010 530,Bosch,FALSE,3.7,RIGHT,SCV,RAIL,N_O,0.40,0.40,1.70
0 445 010 531,Bosch,FALSE,0.8,RIGHT,SCV,RAIL,N_C,1.70,0.20,1.70
0 445 010 532,Bosch,FALSE,3.7,RIGHT,SCV,RAIL,N_O,0.40,0.40,1.70
0 445 010 533,Bosch,FALSE,3.7,RIGHT,SCV,RAIL,N_O,0.40,0.40,1.70
0 445 010 534,Bosch,FALSE,3.7,RIGHT,SCV,RAIL,N_O,0.40,0.40,1.70
0 445 010 535,Bosch,FALSE,3.7,RIGHT,SCV,RAIL,N_O,0.40,0.40,1.70
0 445 010 536,Bosch,FALSE,0.8,RIGHT,SCV,RAIL,N_C,1.70,0.20,1.70
0 445 010 537,Bosch,FALSE,4.2,RIGHT,SCV,RAIL,N_O,0.40,0.40,1.70
0 445 010 538,Bosch,FALSE,4.2,RIGHT,SCV,RAIL,N_O,0.40,0.40,1.70
0 445 010 539,Bosch,FALSE,0.8,RIGHT,SCV,RAIL,N_C,1.70,0.20,1.70
0 445 010 540,Bosch,FALSE,3.7,LEFT,SCV,RAIL,N_O,0.40,0.40,1.70
0 445 010 541,Bosch,FALSE,3.7,RIGHT,SCV,RAIL,N_O,0.40,0.40,1.70
0 445 010 542,Bosch,FALSE,3.7,RIGHT,SCV,RAIL,N_O,0.40,0.40,1.70
0 445 010 543,Bosch,FALSE,3.7,RIGHT,SCV,RAIL,N_O,0.40,0.40,1.70
0 445 010 544,Bosch,FALSE,3.7,RIGHT,SCV,RAIL,N_O,0.40,0.40,1.70
0 445 010 545,Bosch,FALSE,3.7,RIGHT,SCV,RAIL,N_O,0.40,0.40,1.70
0 445 010 546,Bosch,FALSE,3.7,RIGHT,SCV,RAIL,N_O,0.40,0.40,1.70
0 445 010 547,Bosch,FALSE,3.7,LEFT,SCV,RAIL,N_O,0.40,0.40,1.70
0 445 010 548,Bosch,FALSE,0.8,RIGHT,SCV,RAIL,N_C,1.70,0.20,1.70
0 445 010 549,Bosch,FALSE,0.8,RIGHT,SCV,RAIL,N_C,1.70,0.20,1.70
0 445 010 550,Bosch,FALSE,3.7,RIGHT,SCV,RAIL,N_O,0.40,0.40,1.70
0 445 010 551,Bosch,FALSE,3.7,RIGHT,SCV,RAIL,N_O,0.40,0.40,1.70
0 445 010 552,Bosch,FALSE,0.8,RIGHT,SCV,RAIL,N_C,1.70,0.20,1.70
0 445 010 553,Bosch,FALSE,3.7,LEFT,SCV,RAIL,N_O,0.40,0.40,1.70
0 445 010 554,Bosch,FALSE,3.7,LEFT,SCV,RAIL,N_O,0.40,0.40,1.70
0 445 010 555,Bosch,FALSE,3.7,RIGHT,SCV,RAIL,N_O,0.40,0.40,1.70
0 445 010 556,Bosch,FALSE,3.7,RIGHT,SCV,RAIL,N_O,0.40,0.40,1.70
0 445 010 557,Bosch,FALSE,3.7,RIGHT,SCV,RAIL,N_O,0.40,0.40,1.70
0 445 010 558,Bosch,FALSE,3.7,LEFT,SCV,RAIL,N_O,0.40,0.40,1.70
0 445 010 559,Bosch,FALSE,3.7,RIGHT,SCV,RAIL,N_O,0.40,0.40,1.70
0 445 010 560,Bosch,FALSE,3.7,RIGHT,SCV,RAIL,N_O,0.40,0.40,1.70
0 445 010 561,Bosch,FALSE,3.7,LEFT,SCV,RAIL,N_O,0.40,0.40,1.70
0 445 010 562,Bosch,FALSE,3.7,RIGHT,SCV,RAIL,N_O,0.40,0.40,1.70
0 445 010 563,Bosch,FALSE,3.7,RIGHT,SCV,RAIL,N_O,0.40,0.40,1.70
0 445 010 564,Bosch,FALSE,0.8,RIGHT,SCV,RAIL,N_C,1.70,0.20,1.70
0 445 010 565,Bosch,FALSE,3.7,RIGHT,SCV,RAIL,N_O,0.40,0.40,1.70
0 445 010 566,Bosch,FALSE,3.7,RIGHT,SCV,RAIL,N_O,0.40,0.40,1.70
0 445 010 567,Bosch,FALSE,3.7,RIGHT,SCV,RAIL,N_O,0.40,0.40,1.70
0 445 010 568,Bosch,FALSE,3.7,RIGHT,SCV,RAIL,N_O,0.40,0.40,1.70
0 445 010 569,Bosch,FALSE,0.8,RIGHT,SCV,RAIL,N_C,1.70,0.20,1.70
0 445 010 570,Bosch,FALSE,4.2,RIGHT,SCV,RAIL,N_O,0.40,0.40,1.70
0 445 010 571,Bosch,FALSE,0.8,RIGHT,SCV,RAIL,N_C,1.70,0.20,1.70
0 445 010 572,Bosch,FALSE,3.7,LEFT,SCV,RAIL,N_O,0.40,0.40,1.70
0 445 010 573,Bosch,FALSE,3.7,LEFT,SCV,RAIL,N_O,0.40,0.40,1.70
0 445 010 574,Bosch,FALSE,3.7,LEFT,SCV,RAIL,N_O,0.40,0.40,1.70
0 445 010 575,Bosch,FALSE,0.8,RIGHT,SCV,RAIL,N_O,0.40,0.40,1.70
0 445 010 576,Bosch,FALSE,0.8,RIGHT,SCV,RAIL,N_C,1.70,0.20,1.70
0 445 010 577,Bosch,FALSE,0.8,RIGHT,SCV,RAIL,N_C,1.70,0.20,1.70
0 445 010 578,Bosch,FALSE,4.3,RIGHT,SCV,RAIL,N_O,0.40,0.40,1.70
0 445 010 579,Bosch,FALSE,4.3,RIGHT,SCV,RAIL,N_O,0.40,0.40,1.70
0 445 010 580,Bosch,FALSE,3.7,LEFT,SCV,RAIL,N_O,0.40,0.40,1.70
0 445 010 581,Bosch,FALSE,3.7,LEFT,SCV,RAIL,N_O,0.40,0.40,1.70
0 445 010 582,Bosch,FALSE,3.7,LEFT,SCV,RAIL,N_O,0.40,0.40,1.70
0 445 010 583,Bosch,FALSE,4.2,RIGHT,SCV,RAIL,N_O,0.40,0.40,1.70
0 445 010 584,Bosch,FALSE,0.8,RIGHT,SCV,RAIL,N_O,0.40,0.40,1.70
0 445 010 585,Bosch,FALSE,3.7,RIGHT,SCV,RAIL,N_O,0.40,0.40,1.70
0 445 010 586,Bosch,FALSE,3.7,RIGHT,SCV,RAIL,N_O,0.40,0.40,1.70
0 445 010 587,Bosch,FALSE,3.7,LEFT,SCV,RAIL,N_O,0.40,0.40,1.70
0 445 010 588,Bosch,FALSE,3.7,LEFT,SCV,RAIL,N_O,0.40,0.40,1.70
0 445 010 591,Bosch,FALSE,3.7,RIGHT,SCV,RAIL,N_O,0.40,0.40,1.70
0 445 010 592,Bosch,FALSE,3.7,RIGHT,SCV,RAIL,N_O,0.40,0.40,1.70
0 445 010 593,Bosch,FALSE,3.7,RIGHT,SCV,RAIL,N_O,0.40,0.40,1.70
0 445 010 594,Bosch,FALSE,3.7,RIGHT,SCV,RAIL,N_O,0.40,0.40,1.70
0 445 010 595,Bosch,FALSE,3.7,RIGHT,SCV,RAIL,N_O,0.40,0.40,1.80
0 445 010 596,Bosch,FALSE,3.7,RIGHT,SCV,RAIL,N_O,0.40,0.40,1.80
0 445 010 597,Bosch,FALSE,3.7,RIGHT,SCV,RAIL,N_O,0.40,0.40,1.70
0 445 010 598,Bosch,FALSE,3.7,RIGHT,SCV,RAIL,N_O,0.40,0.40,1.70
0 445 010 611,Bosch,FALSE,3.7,RIGHT,SCV,RAIL,N_O,0.40,0.40,1.80
0 445 010 612,Bosch,FALSE,3.7,RIGHT,SCV,RAIL,N_O,0.40,0.40,1.70
0 445 010 613,Bosch,FALSE,3.7,RIGHT,SCV,RAIL,N_O,0.40,0.40,1.70
0 445 010 614,Bosch,FALSE,0.8,LEFT,SCV,RAIL,N_O,0.40,0.40,1.70
0 445 010 616,Bosch,FALSE,0.8,RIGHT,SCV,RAIL,N_O,0.40,0.40,1.70
0 445 010 617,Bosch,FALSE,3.7,LEFT,SCV,RAIL,N_O,0.40,0.40,1.70
0 445 010 618,Bosch,FALSE,3.7,RIGHT,SCV,RAIL,N_O,0.40,0.40,1.70
0 445 010 619,Bosch,FALSE,0.8,LEFT,SCV,RAIL,N_O,0.40,0.40,1.70
0 445 010 623,Bosch,FALSE,3.7,LEFT,SCV,RAIL,N_O,0.40,0.40,1.70
0 445 010 624,Bosch,FALSE,3.7,LEFT,SCV,RAIL,N_O,0.40,0.40,1.70
0 445 010 625,Bosch,FALSE,3.7,LEFT,SCV,RAIL,N_O,0.40,0.40,1.70
0 445 010 626,Bosch,FALSE,3.7,RIGHT,SCV,RAIL,N_O,0.40,0.40,1.70
0 445 010 628,Bosch,FALSE,0.8,RIGHT,SCV,RAIL,N_O,0.40,0.40,1.70
0 445 010 629,Bosch,FALSE,0.8,LEFT,SCV,RAIL,N_O,0.40,0.40,1.70
0 445 010 631,Bosch,FALSE,3.7,RIGHT,SCV,RAIL,N_O,0.40,0.40,1.70
0 445 010 632,Bosch,FALSE,3.7,RIGHT,SCV,RAIL,N_O,0.40,0.40,1.70
0 445 010 634,Bosch,FALSE,3.7,LEFT,SCV,RAIL,N_O,0.40,0.40,1.70
0 445 010 635,Bosch,FALSE,3.7,RIGHT,SCV,RAIL,N_O,0.40,0.40,1.70
0 445 010 636,Bosch,FALSE,3.7,LEFT,SCV,RAIL,N_O,0.40,0.40,1.70
0 445 010 637,Bosch,FALSE,3.7,RIGHT,SCV,RAIL,N_O,0.40,0.40,1.70
0 445 010 638,Bosch,FALSE,3.7,LEFT,SCV,RAIL,N_O,0.40,0.40,1.70
0 445 010 639,Bosch,FALSE,3.7,RIGHT,SCV,RAIL,N_O,0.40,0.40,1.80
0 445 010 640,Bosch,FALSE,3.7,RIGHT,SCV,RAIL,N_O,0.40,0.40,1.70
0 445 010 641,Bosch,FALSE,3.7,RIGHT,SCV,RAIL,N_O,0.40,0.40,1.70
0 445 010 642,Bosch,FALSE,3.7,RIGHT,SCV,RAIL,N_O,0.40,0.40,1.70
0 445 010 643,Bosch,FALSE,3.7,RIGHT,SCV,RAIL,N_O,0.40,0.40,1.70
0 445 010 644,Bosch,FALSE,3.7,RIGHT,SCV,RAIL,N_O,0.40,0.40,1.70
0 445 010 645,Bosch,FALSE,3.7,LEFT,SCV,RAIL,N_O,0.40,0.40,1.8
0 445 010 646,Bosch,FALSE,3.7,RIGHT,SCV,RAIL,N_O,0.40,0.40,1.80
0 445 010 647,Bosch,FALSE,3.7,RIGHT,SCV,RAIL,N_O,0.40,0.40,1.70
0 445 010 648,Bosch,FALSE,3.8,RIGHT,SCV,RAIL,N_O,0.40,0.40,1.80
0 445 010 649,Bosch,FALSE,3.7,RIGHT,SCV,RAIL,N_O,0.40,0.40,1.70
0 445 010 650,Bosch,FALSE,3.7,LEFT,SCV,RAIL,N_O,0.40,0.40,1.70
0 445 010 653,Bosch,FALSE,3.8,RIGHT,SCV,RAIL,N_O,0.40,0.40,1.80
0 445 010 654,Bosch,FALSE,3.7,RIGHT,SCV,RAIL,N_O,0.40,0.40,1.70
0 445 010 655,Bosch,FALSE,3.7,RIGHT,SCV,RAIL,N_O,0.40,0.40,1.70
0 445 010 656,Bosch,FALSE,3.7,RIGHT,SCV,RAIL,N_O,0.40,0.40,1.70
0 445 010 657,Bosch,FALSE,3.7,RIGHT,SCV,RAIL,N_O,0.40,0.40,1.70
0 445 010 658,Bosch,FALSE,3.7,RIGHT,SCV,RAIL,N_O,0.40,0.40,1.70
0 445 010 659,Bosch,FALSE,3.7,RIGHT,SCV,RAIL,N_O,0.40,0.40,1.80
0 445 010 662,Bosch,FALSE,0.8,LEFT,SCV,RAIL,N_O,0.40,0.40,1.70
0 445 010 663,Bosch,FALSE,0.8,LEFT,SCV,RAIL,N_O,0.40,0.40,1.70
0 445 010 665,Bosch,FALSE,3.7,LEFT,SCV,RAIL,N_O,0.40,0.40,1.70
0 445 010 667,Bosch,FALSE,3.7,LEFT,SCV,RAIL,N_O,0.40,0.40,1.70
0 445 010 668,Bosch,FALSE,3.7,LEFT,SCV,RAIL,N_O,0.40,0.40,1.70
0 445 010 669,Bosch,FALSE,3.7,RIGHT,SCV,RAIL,N_O,0.40,0.40,1.80
0 445 010 670,Bosch,FALSE,3.7,RIGHT,SCV,RAIL,N_O,0.40,0.40,1.70
0 445 010 671,Bosch,FALSE,3.7,RIGHT,SCV,RAIL,N_O,0.40,0.40,1.70
0 445 010 672,Bosch,FALSE,3.7,LEFT,SCV,RAIL,N_O,0.40,0.40,1.8
0 445 010 673,Bosch,FALSE,3.7,RIGHT,SCV,RAIL,N_O,0.40,0.40,1.80
0 445 010 674,Bosch,FALSE,3.7,RIGHT,SCV,RAIL,N_O,0.40,0.40,1.70
0 445 010 675,Bosch,FALSE,3.7,LEFT,SCV,RAIL,N_O,0.40,0.40,1.70
0 445 010 676,Bosch,FALSE,3.7,RIGHT,SCV,RAIL,N_O,0.40,0.40,1.70
0 445 010 677,Bosch,FALSE,3.7,RIGHT,SCV,RAIL,N_O,0.40,0.40,1.70
0 445 010 678,Bosch,FALSE,3.7,LEFT,SCV,RAIL,N_O,0.40,0.40,1.70
0 445 010 679,Bosch,FALSE,3.7,LEFT,SCV,RAIL,N_O,0.40,0.40,1.70
0 445 010 680,Bosch,FALSE,3.7,RIGHT,SCV,RAIL,N_O,0.40,0.40,1.70
0 445 010 681,Bosch,FALSE,3.7,RIGHT,SCV,RAIL,N_O,0.40,0.40,1.70
0 445 010 682,Bosch,FALSE,3.7,RIGHT,SCV,RAIL,N_O,0.40,0.40,1.70
0 445 010 683,Bosch,FALSE,3.7,RIGHT,SCV,RAIL,N_O,0.40,0.40,1.70
0 445 010 684,Bosch,FALSE,3.7,RIGHT,SCV,RAIL,N_O,0.40,0.40,1.70
0 445 010 685,Bosch,FALSE,3.7,RIGHT,SCV,RAIL,N_O,0.40,0.40,1.80
0 445 010 686,Bosch,FALSE,3.7,RIGHT,SCV,RAIL,N_O,0.40,0.40,1.80
0 445 010 687,Bosch,FALSE,0.8,RIGHT,SCV,RAIL,N_O,0.40,0.40,1.70
0 445 010 688,Bosch,FALSE,3.7,LEFT,SCV,RAIL,N_O,0.40,0.40,1.70
0 445 010 689,Bosch,FALSE,3.7,LEFT,SCV,RAIL,N_O,0.40,0.40,1.70
0 445 010 690,Bosch,FALSE,3.7,RIGHT,SCV,RAIL,N_O,0.40,0.40,1.70
0 445 010 691,Bosch,FALSE,3.7,RIGHT,SCV,RAIL,N_O,0.40,0.40,1.70
0 445 010 692,Bosch,FALSE,3.7,RIGHT,SCV,RAIL,N_O,0.40,0.40,1.70
0 445 010 693,Bosch,FALSE,3.7,RIGHT,SCV,RAIL,N_O,0.40,0.40,1.70
0 445 010 694,Bosch,FALSE,3.7,RIGHT,SCV,RAIL,N_O,0.40,0.40,1.70
0 445 010 695,Bosch,FALSE,3.7,RIGHT,SCV,RAIL,N_O,0.40,0.40,1.70
0 445 010 696,Bosch,FALSE,3.7,RIGHT,SCV,RAIL,N_O,0.40,0.40,1.70
0 445 010 697,Bosch,FALSE,0.8,LEFT,SCV,RAIL,N_O,0.40,0.40,1.80
0 445 010 698,Bosch,FALSE,0.8,LEFT,SCV,RAIL,N_O,0.40,0.40,1.80
0 445 010 699,Bosch,FALSE,3.7,RIGHT,SCV,RAIL,N_O,0.40,0.40,1.70
0 445 010 701,Bosch,FALSE,3.7,LEFT,SCV,RAIL,N_O,0.40,0.40,1.70
0 445 010 702,Bosch,FALSE,3.7,LEFT,SCV,RAIL,N_O,0.40,0.40,1.70
0 445 010 703,Bosch,FALSE,3.7,RIGHT,SCV,RAIL,N_O,0.40,0.40,1.70
0 445 010 704,Bosch,FALSE,3.7,RIGHT,SCV,RAIL,N_C,1.70,0.20,1.70
0 445 010 705,Bosch,FALSE,3.7,LEFT,SCV,RAIL,N_O,0.40,0.40,1.70
0 445 010 706,Bosch,FALSE,3.7,LEFT,SCV,RAIL,N_O,0.40,0.40,1.70
0 445 010 707,Bosch,FALSE,3.7,LEFT,SCV,RAIL,N_O,0.40,0.40,1.70
0 445 010 709,Bosch,FALSE,3.7,LEFT,SCV,RAIL,N_O,0.40,0.40,1.70
0 445 010 711,Bosch,FALSE,3.7,LEFT,SCV,RAIL,N_O,0.40,0.40,1.70
0 445 010 713,Bosch,FALSE,3.7,LEFT,SCV,RAIL,N_O,0.40,0.40,1.70
0 445 010 715,Bosch,FALSE,3.7,LEFT,SCV,RAIL,N_O,0.40,0.40,1.70
0 445 010 717,Bosch,FALSE,3.7,LEFT,SCV,RAIL,N_O,0.40,0.40,1.70
0 445 010 719,Bosch,FALSE,3.7,LEFT,SCV,RAIL,N_O,0.40,0.40,1.70
0 445 010 721,Bosch,FALSE,3.7,LEFT,SCV,RAIL,N_O,0.40,0.40,1.70
0 445 010 723,Bosch,FALSE,3.7,LEFT,SCV,RAIL,N_O,0.40,0.40,1.70
0 445 010 725,Bosch,FALSE,3.7,LEFT,SCV,RAIL,N_O,0.40,0.40,1.70
0 445 010 727,Bosch,FALSE,3.7,LEFT,SCV,RAIL,N_O,0.40,0.40,1.70
0 445 010 729,Bosch,FALSE,0.8,RIGHT,SCV,RAIL,N_O,0.40,0.40,1.70
0 445 010 731,Bosch,FALSE,3.7,RIGHT,SCV,RAIL,N_O,0.40,0.40,1.70
0 445 010 734,Bosch,FALSE,0.8,RIGHT,SCV,RAIL,N_O,0.40,0.40,1.70
0 445 010 735,Bosch,FALSE,3.7,LEFT,SCV,RAIL,N_O,0.40,0.40,1.70
0 445 010 736,Bosch,FALSE,3.7,LEFT,SCV,RAIL,N_O,0.40,0.40,1.70
0 445 010 738,Bosch,FALSE,4.3,RIGHT,SCV,RAIL,N_O,0.40,0.40,1.70
0 445 010 739,Bosch,FALSE,4.3,RIGHT,SCV,RAIL,N_O,0.40,0.40,1.70
0 445 010 740,Bosch,FALSE,3.7,RIGHT,SCV,RAIL,N_O,0.40,0.40,1.70
0 445 010 741,Bosch,FALSE,3.7,RIGHT,SCV,RAIL,N_O,0.40,0.40,1.70
0 445 010 748,Bosch,FALSE,3.7,RIGHT,SCV,RAIL,N_O,0.40,0.40,1.70
0 445 010 749,Bosch,FALSE,3.7,RIGHT,SCV,RAIL,N_O,0.40,0.40,1.70
0 445 010 755,Bosch,FALSE,3.8,LEFT,SCV,RAIL,N_O,0.40,0.40,1.80
0 445 010 756,Bosch,FALSE,3.8,LEFT,SCV,RAIL,N_O,0.40,0.40,1.80
0 445 010 764,Bosch,FALSE,3.7,LEFT,SCV,RAIL,N_O,0.40,0.40,1.70
0 445 010 801,Bosch,FALSE,3.7,LEFT,SCV,RAIL,N_O,0.40,0.40,1.70
0 445 010 802,Bosch,FALSE,0.8,RIGHT,SCV,RAIL,N_O,0.40,0.40,1.70
0 445 010 804,Bosch,FALSE,4.1,RIGHT,SCV,RAIL,N_O,0.40,0.40,1.80
0 445 010 805,Bosch,FALSE,4.0,LEFT,SCV,RAIL,N_O,0.40,0.40,1.80
0 445 010 806,Bosch,FALSE,4.0,LEFT,SCV,RAIL,N_O,0.40,0.40,1.80
0 445 010 807,Bosch,FALSE,3.7,LEFT,SCV,RAIL,N_O,0.40,0.40,1.70
0 445 010 808,Bosch,FALSE,3.7,LEFT,SCV,RAIL,N_O,0.40,0.40,1.70
0 445 010 809,Bosch,FALSE,3.7,LEFT,SCV,RAIL,N_O,0.40,0.40,1.70
0 445 010 810,Bosch,FALSE,4.1,RIGHT,SCV,RAIL,N_O,0.40,0.40,1.80
0 445 010 813,Bosch,FALSE,4.0,LEFT,SCV,RAIL,N_O,0.40,0.40,1.80
0 445 010 814,Bosch,FALSE,4.0,LEFT,SCV,RAIL,N_O,0.40,0.40,1.80
0 445 010 817,Bosch,FALSE,0.8,RIGHT,SCV,RAIL,N_O,0.40,0.40,1.70
0 445 010 818,Bosch,FALSE,3.7,LEFT,SCV,RAIL,N_O,0.40,0.40,1.80
0 445 010 819,Bosch,FALSE,3.7,LEFT,SCV,RAIL,N_O,0.40,0.40,1.80
0 445 010 820,Bosch,FALSE,0.8,LEFT,SCV,RAIL,N_O,0.40,0.40,1.80
0 445 010 821,Bosch,FALSE,0.8,LEFT,SCV,RAIL,N_O,0.40,0.40,1.80
0 445 010 832,Bosch,FALSE,0.8,LEFT,SCV,RAIL,N_O,0.40,0.40,1.70
0 445 010 833,Bosch,FALSE,0.8,LEFT,SCV,RAIL,N_O,0.40,0.40,1.70
0 445 010 835,Bosch,FALSE,0.8,RIGHT,SCV,RAIL,N_O,0.40,0.40,1.70
0 445 020 002,Bosch,FALSE,1.9,RIGHT,EAV,RAIL_AND_PUMP,N_O,0,,
0 445 020 005,Bosch,FALSE,0.8,RIGHT,SCV,RAIL,N_O,0.40,0.40,1.50
0 445 020 006,Bosch,FALSE,1.9,RIGHT,EAV,RAIL_AND_PUMP,N_O,0,,
0 445 020 007,Bosch,FALSE,0.8,LEFT,SCV,RAIL,N_O,0.40,0.40,1.62
0 445 020 008,Bosch,FALSE,0.8,RIGHT,SCV,RAIL,N_O,0.40,0.40,1.62
0 445 020 011,Bosch,FALSE,0.8,RIGHT,SCV,RAIL,N_O,0.40,0.40,1.62
0 445 020 014,Bosch,FALSE,0.8,LEFT,SCV,RAIL,N_O,0.40,0.40,1.62
0 445 020 015,Bosch,FALSE,0.8,LEFT,SCV,RAIL,N_O,0.40,0.40,1.62
0 445 020 017,Bosch,FALSE,0.8,RIGHT,SCV,RAIL,N_O,0.40,0.40,1.50
0 445 020 018,Bosch,FALSE,0.8,LEFT,SCV,RAIL,N_O,0.40,0.40,1.62
0 445 020 019,Bosch,FALSE,0.8,RIGHT,SCV,RAIL,N_O,0.40,0.40,1.62
0 445 020 023,Bosch,FALSE,0.8,RIGHT,SCV,RAIL,N_O,0.40,0.40,1.62
0 445 020 026,Bosch,FALSE,0.8,RIGHT,SCV,RAIL,N_O,0.40,0.40,1.62
0 445 020 027,Bosch,FALSE,0.8,LEFT,SCV,RAIL,N_O,0.40,0.40,1.62
0 445 020 028,Bosch,FALSE,0.8,LEFT,SCV,RAIL,N_O,0.40,0.40,1.62
0 445 020 029,Bosch,FALSE,0.8,RIGHT,SCV,RAIL,N_O,0.40,0.40,1.62
0 445 020 030,Bosch,FALSE,0.8,RIGHT,SCV,RAIL,N_O,0.40,0.40,1.62
0 445 020 031,Bosch,FALSE,0.8,LEFT,SCV,RAIL,N_O,0.40,0.40,1.62
0 445 020 032,Bosch,FALSE,0.8,LEFT,SCV,RAIL,N_O,0.40,0.40,1.62
0 445 020 033,Bosch,FALSE,0.8,RIGHT,SCV,RAIL,N_O,0.40,0.40,1.62
0 445 020 034,Bosch,FALSE,0.8,LEFT,SCV,RAIL,N_O,0.40,0.40,1.62
0 445 020 037,Bosch,FALSE,0.8,RIGHT,SCV,RAIL,N_O,0.40,0.40,1.62
0 445 020 039,Bosch,FALSE,0.8,RIGHT,SCV,RAIL,N_O,0.40,0.40,1.62
0 445 020 040,Bosch,FALSE,1.9,RIGHT,NO_CONFIG,RAIL_AND_PUMP,NO_TYPE,,,
0 445 020 041,Bosch,FALSE,0.8,RIGHT,SCV,RAIL,N_O,0.40,0.40,1.62
0 445 020 043,Bosch,FALSE,0.8,LEFT,SCV,RAIL,N_O,0.40,0.40,1.62
0 445 020 045,Bosch,FALSE,0.8,LEFT,SCV,RAIL,N_O,0.40,0.40,1.62
0 445 020 046,Bosch,FALSE,3.7,RIGHT,SCV,RAIL,N_O,0.40,0.40,1.62
0 445 020 047,Bosch,FALSE,0.8,RIGHT,SCV,RAIL,N_O,0.40,0.40,1.50
0 445 020 049,Bosch,FALSE,0.8,LEFT,SCV,RAIL,N_O,0.40,0.40,1.62
0 445 020 050,Bosch,FALSE,0.8,LEFT,SCV,RAIL,N_O,0.40,0.40,1.62
0 445 020 051,Bosch,FALSE,0.8,RIGHT,SCV,RAIL,N_O,0.40,0.40,1.62
0 445 020 052,Bosch,FALSE,0.8,LEFT,SCV,RAIL,N_O,0.40,0.40,1.62
0 445 020 053,Bosch,FALSE,0.8,LEFT,SCV,RAIL,N_O,0.40,0.40,1.62
0 445 020 054,Bosch,FALSE,0.8,LEFT,SCV,RAIL,N_O,0.40,0.40,1.62
0 445 020 056,Bosch,FALSE,0.8,LEFT,SCV,RAIL,N_O,0.40,0.40,1.70
0 445 020 057,Bosch,FALSE,0.8,RIGHT,SCV,RAIL,N_O,0.40,0.40,1.50
0 445 020 059,Bosch,FALSE,0.8,RIGHT,SCV,RAIL,N_O,0.40,0.40,1.62
0 445 020 060,Bosch,FALSE,0.8,LEFT,SCV,RAIL,N_O,0.40,0.40,1.62
0 445 020 065,Bosch,FALSE,0.8,LEFT,SCV,RAIL,N_O,0.40,0.40,1.70
0 445 020 066,Bosch,FALSE,0.8,LEFT,SCV,RAIL,N_O,0.40,0.40,1.62
0 445 020 067,Bosch,FALSE,0.8,LEFT,SCV,RAIL,N_O,0.40,0.40,1.62
0 445 020 070,Bosch,FALSE,0.8,RIGHT,SCV,RAIL,N_O,0.40,0.40,1.70
0 445 020 072,Bosch,FALSE,0.8,LEFT,SCV,RAIL,N_O,0.40,0.40,1.70
0 445 020 073,Bosch,FALSE,0.8,LEFT,SCV,RAIL,N_O,0.40,0.40,1.62
0 445 020 075,Bosch,FALSE,0.8,RIGHT,SCV,RAIL,N_O,0.40,0.40,1.62
0 445 020 076,Bosch,FALSE,0.8,RIGHT,SCV,RAIL,N_O,0.40,0.40,1.62
0 445 020 078,Bosch,FALSE,0.8,LEFT,SCV,RAIL,N_O,0.40,0.40,1.70
0 445 020 079,Bosch,FALSE,0.8,RIGHT,SCV,RAIL,N_O,0.40,0.40,1.70
0 445 020 080,Bosch,FALSE,0.8,RIGHT,SCV,RAIL,N_O,0.40,0.40,1.70
0 445 020 081,Bosch,FALSE,0.8,LEFT,SCV,RAIL,N_O,0.40,0.40,1.62
0 445 020 082,Bosch,FALSE,0.8,LEFT,SCV,RAIL,N_O,0.40,0.40,1.62
0 445 020 083,Bosch,FALSE,0.8,LEFT,SCV,RAIL,N_O,0.40,0.40,1.70
0 445 020 085,Bosch,FALSE,0.8,RIGHT,SCV,RAIL,N_O,0.40,0.52,1.70
0 445 020 088,Bosch,FALSE,0.8,LEFT,SCV,RAIL,N_O,0.40,0.40,1.62
0 445 020 089,Bosch,FALSE,0.8,LEFT,SCV,RAIL,N_O,0.40,0.40,1.62
0 445 020 090,Bosch,FALSE,0.8,RIGHT,SCV,RAIL,N_O,0.40,0.40,1.70
0 445 020 093,Bosch,FALSE,0.8,LEFT,SCV,RAIL,N_O,0.40,0.40,1.70
0 445 020 097,Bosch,FALSE,0.8,LEFT,SCV,RAIL,N_O,0.40,0.40,1.62
0 445 020 099,Bosch,FALSE,0.8,LEFT,SCV,RAIL,N_O,0.40,0.40,1.70
0 445 020 100,Bosch,FALSE,0.8,LEFT,SCV,RAIL,N_O,0.40,0.40,1.70
0 445 020 101,Bosch,FALSE,0.8,LEFT,SCV,RAIL,N_O,0.40,0.40,1.70
0 445 020 103,Bosch,FALSE,0.8,RIGHT,SCV,RAIL,N_O,0.40,0.40,1.62
0 445 020 105,Bosch,FALSE,0.8,RIGHT,SCV,RAIL,N_O,0.40,0.40,1.62
0 445 020 106,Bosch,FALSE,0.8,RIGHT,SCV,RAIL,N_O,0.40,0.40,1.62
0 445 020 107,Bosch,FALSE,0.8,LEFT,SCV,RAIL,N_O,0.40,0.40,1.70
0 445 020 109,Bosch,FALSE,0.8,LEFT,SCV,RAIL,N_O,0.40,0.40,1.70
0 445 020 110,Bosch,FALSE,0.8,LEFT,SCV,RAIL,N_O,0.40,0.40,1.70
0 445 020 111,Bosch,FALSE,0.8,LEFT,SCV,RAIL,N_O,0.40,0.40,1.70
0 445 020 112,Bosch,FALSE,0.8,LEFT,SCV,RAIL,N_O,0.40,0.40,1.70
0 445 020 113,Bosch,FALSE,0.8,LEFT,SCV,RAIL,N_O,0.40,0.40,1.70
0 445 020 118,Bosch,FALSE,0.8,RIGHT,SCV,RAIL,N_O,0.40,0.40,1.70
0 445 020 119,Bosch,FALSE,0.8,LEFT,SCV,RAIL,N_O,0.40,0.40,1.70
0 445 020 122,Bosch,FALSE,0.8,LEFT,SCV,RAIL,N_O,0.40,0.40,1.62
0 445 020 123,Bosch,FALSE,0.8,LEFT,SCV,RAIL,N_O,0.40,0.40,1.62
0 445 020 124,Bosch,FALSE,0.8,RIGHT,SCV,RAIL,N_O,0.40,0.40,1.70
0 445 020 125,Bosch,FALSE,0.8,RIGHT,SCV,RAIL,N_O,0.40,0.40,1.62
0 445 020 127,Bosch,FALSE,0.8,LEFT,SCV,RAIL,N_O,0.40,0.40,1.62
0 445 020 128,Bosch,FALSE,0.8,LEFT,SCV,RAIL,N_O,0.40,0.40,1.62
0 445 020 129,Bosch,FALSE,0.8,LEFT,SCV,RAIL,N_O,0.40,0.40,1.70
0 445 020 130,Bosch,FALSE,0.8,LEFT,SCV,RAIL,N_O,0.40,0.40,1.62
0 445 020 131,Bosch,FALSE,0.8,LEFT,SCV,RAIL,N_O,0.40,0.40,1.62
0 445 020 132,Bosch,FALSE,0.8,LEFT,SCV,RAIL,N_O,0.40,0.40,1.62
0 445 020 133,Bosch,FALSE,0.8,LEFT,SCV,RAIL,N_O,0.40,0.40,1.62
0 445 020 134,Bosch,FALSE,0.8,LEFT,SCV,RAIL,N_O,0.40,0.40,1.70
0 445 020 136,Bosch,FALSE,0.8,LEFT,SCV,RAIL,N_O,0.40,0.40,1.70
0 445 020 137,Bosch,FALSE,0.8,LEFT,SCV,RAIL,N_O,0.40,0.40,1.62
0 445 020 139,Bosch,FALSE,0.8,RIGHT,SCV,RAIL,N_O,0.40,0.40,1.62
0 445 020 141,Bosch,FALSE,0.8,LEFT,SCV,RAIL,N_O,0.40,0.40,1.62
0 445 020 142,Bosch,FALSE,0.8,LEFT,SCV,RAIL,N_O,0.40,0.40,1.62
0 445 020 143,Bosch,FALSE,0.8,RIGHT,SCV,RAIL,N_C,1.70,0.54,1.70
0 445 020 146,Bosch,FALSE,0.8,RIGHT,SCV,RAIL,N_O,0.40,0.40,1.62
0 445 020 147,Bosch,FALSE,0.8,RIGHT,SCV,RAIL,N_O,0.40,0.40,1.62
0 445 020 148,Bosch,FALSE,0.8,LEFT,SCV,RAIL,N_O,0.40,0.40,1.70
0 445 020 149,Bosch,FALSE,0.8,LEFT,SCV,RAIL,N_O,0.40,0.40,1.62
0 445 020 150,Bosch,FALSE,0.8,LEFT,SCV,RAIL,N_O,0.40,0.40,1.62
0 445 020 151,Bosch,FALSE,0.8,LEFT,SCV,RAIL,N_O,0.40,0.40,1.62
0 445 020 152,Bosch,FALSE,0.8,LEFT,SCV,RAIL,N_O,0.40,0.40,1.70
0 445 020 153,Bosch,FALSE,0.8,RIGHT,SCV,RAIL,N_O,0.40,0.40,1.70
0 445 020 154,Bosch,FALSE,0.8,RIGHT,SCV,RAIL,N_O,0.40,0.40,1.70
0 445 020 155,Bosch,FALSE,0.8,LEFT,SCV,RAIL,N_O,0.40,0.40,1.70
0 445 020 156,Bosch,FALSE,0.8,LEFT,SCV,RAIL,N_O,0.40,0.40,1.70
0 445 020 157,Bosch,FALSE,0.8,LEFT,SCV,RAIL,N_O,0.40,0.40,1.62
0 445 020 162,Bosch,FALSE,0.8,LEFT,SCV,RAIL,N_O,0.40,0.40,1.70
0 445 020 167,Bosch,FALSE,0.8,LEFT,SCV,RAIL,N_O,0.40,0.40,1.70
0 445 020 168,Bosch,FALSE,0.8,RIGHT,SCV,RAIL,N_C,1.70,0.54,1.70
0 445 020 169,Bosch,FALSE,0.8,LEFT,SCV,RAIL,N_O,0.40,0.40,1.70
0 445 020 170,Bosch,FALSE,0.8,RIGHT,SCV,RAIL,N_O,0.40,0.40,1.70
0 445 020 171,Bosch,FALSE,0.8,LEFT,SCV,RAIL,N_O,0.40,0.40,1.62
0 445 020 172,Bosch,FALSE,0.8,LEFT,SCV,RAIL,N_O,0.40,0.40,1.62
0 445 020 175,Bosch,FALSE,0.8,LEFT,SCV,RAIL,N_O,0.40,0.40,1.62
0 445 020 176,Bosch,FALSE,0.8,LEFT,SCV,RAIL,N_O,0.40,0.40,1.70
0 445 020 182,Bosch,FALSE,0.8,RIGHT,SCV,RAIL,N_O,0.40,0.40,1.62
0 445 020 183,Bosch,FALSE,0.8,LEFT,SCV,RAIL,N_O,0.40,0.40,1.70
0 445 020 185,Bosch,FALSE,0.8,LEFT,SCV,RAIL,N_O,0.40,0.40,1.62
0 445 020 201,Bosch,FALSE,0.8,LEFT,SCV,RAIL,N_O,0.40,0.40,1.70
0 445 020 202,Bosch,FALSE,0.8,RIGHT,SCV,RAIL,N_O,0.40,0.40,1.70
0 445 020 203,Bosch,FALSE,0.8,LEFT,SCV,RAIL,N_O,0.40,0.40,1.62
0 445 020 204,Bosch,FALSE,0.8,LEFT,SCV,RAIL,N_O,0.40,0.40,1.62
0 445 020 205,Bosch,FALSE,0.8,LEFT,SCV,RAIL,N_O,0.40,0.40,1.62
0 445 020 206,Bosch,FALSE,0.8,LEFT,SCV,RAIL,N_O,0.40,0.40,1.70
0 445 020 207,Bosch,FALSE,0.8,LEFT,SCV,RAIL,N_O,0.40,0.40,1.70
0 445 020 208,Bosch,FALSE,0.8,RIGHT,SCV,RAIL,N_O,0.40,0.40,1.62
0 445 020 210,Bosch,FALSE,0.8,LEFT,SCV,RAIL,N_C,1.70,0.54,1.70
0 445 020 223,Bosch,FALSE,0.8,LEFT,SCV,RAIL,N_O,0.40,0.40,1.62
0 445 020 224,Bosch,FALSE,0.8,LEFT,SCV,RAIL,N_O,0.40,0.40,1.70
0 445 020 225,Bosch,FALSE,0.8,LEFT,SCV,RAIL,N_O,0.40,0.40,1.62
0 445 020 227,Bosch,FALSE,0.8,LEFT,SCV,RAIL,N_O,0.40,0.40,1.70
0 445 020 241,Bosch,FALSE,0.8,LEFT,SCV,RAIL,N_O,0.40,0.40,1.62
0 445 020 248,Bosch,FALSE,0.8,LEFT,SCV,RAIL,N_O,0.40,0.40,1.70
0 445 020 252,Bosch,FALSE,0.8,LEFT,SCV,RAIL,N_O,0.40,0.40,1.70
0 445 020 253,Bosch,FALSE,0.8,LEFT,SCV,RAIL,N_O,0.40,0.40,1.62
0 445 020 255,Bosch,FALSE,0.8,LEFT,SCV,RAIL,N_O,0.40,0.40,1.70
0 445 020 256,Bosch,FALSE,0.8,LEFT,SCV,RAIL,N_O,0.40,0.40,1.70
0 445 020 257,Bosch,FALSE,0.8,LEFT,SCV,RAIL,N_O,0.40,0.40,1.62
0 445 020 263,Bosch,FALSE,0.8,RIGHT,SCV,RAIL,N_O,0.40,0.40,1.62
0 445 020 265,Bosch,FALSE,0.8,LEFT,SCV,RAIL,N_O,0.40,0.40,1.62
0 445 020 273,Bosch,FALSE,0.8,LEFT,SCV,RAIL,N_O,0.40,0.40,1.70
0 445 020 274,Bosch,FALSE,0.8,LEFT,SCV,RAIL,N_O,0.40,0.40,1.62
0 445 020 277,Bosch,FALSE,0.8,RIGHT,SCV,RAIL,N_O,0.40,0.40,1.70
0 445 020 278,Bosch,FALSE,0.8,LEFT,SCV,RAIL,N_O,0.40,0.40,1.62
0 445 020 284,Bosch,FALSE,0.8,LEFT,SCV,RAIL,N_O,0.40,0.40,1.62
0 445 020 286,Bosch,FALSE,0.8,LEFT,SCV,RAIL,N_O,0.40,0.40,1.7
0 445 020 298,Bosch,FALSE,0.8,LEFT,SCV,RAIL,N_O,0.40,0.40,1.62
0 445 020 300,Bosch,FALSE,0.8,LEFT,SCV,RAIL,N_O,0.40,0.40,1.62
0 445 020 302,Bosch,FALSE,0.8,LEFT,SCV,RAIL,N_O,0.40,0.40,1.62
0 445 020 315,Bosch,FALSE,0.8,LEFT,SCV,RAIL,N_O,0.40,0.40,1.70
0 445 020 316,Bosch,FALSE,0.8,RIGHT,SCV,RAIL,N_O,0.40,0.40,1.70
0 445 020 506,Bosch,FALSE,0.8,LEFT,SCV,RAIL,N_O,0.40,0.40,1.80
0 445 020 507,Bosch,FALSE,3.7,RIGHT,SCV,RAIL,N_O,0.40,0.40,1.80
0 445 020 508,Bosch,FALSE,0.8,LEFT,SCV,RAIL,N_O,0.40,0.40,1.80
0 445 020 509,Bosch,FALSE,0.8,LEFT,SCV,RAIL,N_O,0.40,0.40,1.80
0 445 020 510,Bosch,FALSE,3.7,LEFT,SCV,RAIL,N_O,0.40,0.40,1.80
0 445 020 511,Bosch,FALSE,0.8,RIGHT,SCV,RAIL,N_O,0.40,0.40,1.80
0 445 020 512,Bosch,FALSE,0.8,RIGHT,SCV,RAIL,N_O,0.40,0.40,1.80
0 445 020 513,Bosch,FALSE,0.8,RIGHT,SCV,RAIL,N_O,0.40,0.40,1.80
0 445 020 515,Bosch,FALSE,0.8,LEFT,SCV,RAIL,N_O,0.40,0.40,1.80
0 445 020 516,Bosch,FALSE,0.8,LEFT,SCV,RAIL,N_O,0.40,0.40,1.80
0 445 020 517,Bosch,FALSE,0.8,LEFT,SCV,RAIL,N_O,0.40,0.40,1.80
0 445 020 518,Bosch,FALSE,3.7,RIGHT,SCV,RAIL,N_O,0.40,0.40,1.80
0 445 020 519,Bosch,FALSE,3.7,LEFT,SCV,RAIL,N_O,0.40,0.40,1.80
0 445 020 520,Bosch,FALSE,0.8,RIGHT,SCV,RAIL,N_C,1.70,0.20,1.70
0 445 020 521,Bosch,FALSE,0.8,RIGHT,SCV,RAIL,N_C,1.70,0.20,1.70
0 445 020 522,Bosch,FALSE,0.8,RIGHT,SCV,RAIL,N_O,0.40,0.40,1.80
0 445 020 524,Bosch,FALSE,0.8,LEFT,SCV,RAIL,N_O,0.40,0.40,1.80
0 445 020 525,Bosch,FALSE,3.7,RIGHT,SCV,RAIL,N_O,0.40,0.40,1.80
0 445 020 526,Bosch,FALSE,3.7,RIGHT,SCV,RAIL,N_O,0.40,0.40,1.80
0 445 020 527,Bosch,FALSE,3.7,LEFT,SCV,RAIL,N_O,0.40,0.40,1.80
0 445 020 528,Bosch,FALSE,3.7,LEFT,SCV,RAIL,N_O,0.40,0.40,1.80
0 445 020 606,Bosch,FALSE,0.8,RIGHT,SCV,RAIL,N_O,0.40,0.40,1.80
0 445 020 608,Bosch,FALSE,0.8,LEFT,SCV,RAIL,N_O,0.40,0.40,1.80
0 445 020 609,Bosch,FALSE,0.8,LEFT,SCV,RAIL,N_O,0.40,0.40,1.57
0 445 020 610,Bosch,FALSE,0.8,RIGHT,SCV,RAIL,N_O,0.40,0.40,1.80
0 445 020 611,Bosch,FALSE,0.8,RIGHT,SCV,RAIL,N_O,0.40,0.40,1.80
0 986 437 001,Bosch,FALSE,1.9,RIGHT,NO_CONFIG,RAIL_AND_PUMP,NO_TYPE,,,
0 986 437 002,Bosch,FALSE,1.9,RIGHT,NO_CONFIG,RAIL_AND_PUMP,NO_TYPE,,,
0 986 437 003,Bosch,FALSE,1.9,LEFT,NO_CONFIG,RAIL,NO_TYPE,,,
0 986 437 004,Bosch,FALSE,1.9,RIGHT,NO_CONFIG,RAIL_AND_PUMP,NO_TYPE,,,
0 986 437 005,Bosch,FALSE,1.9,RIGHT,EAV,RAIL_AND_PUMP,N_O,0,,
0 986 437 006,Bosch,FALSE,1.9,RIGHT,NO_CONFIG,RAIL_AND_PUMP,NO_TYPE,,,
0 986 437 007,Bosch,FALSE,1.9,LEFT,EAV,RAIL,N_O,0,,
0 986 437 008,Bosch,FALSE,1.9,LEFT,NO_CONFIG,RAIL,NO_TYPE,,,
0 986 437 009,Bosch,FALSE,1.9,LEFT,NO_CONFIG,RAIL,NO_TYPE,,,
0 986 437 010,Bosch,FALSE,1.9,RIGHT,NO_CONFIG,RAIL_AND_PUMP,NO_TYPE,,,
0 986 437 011,Bosch,FALSE,1.9,LEFT,EAV,RAIL,N_O,0,,
0 986 437 012,Bosch,FALSE,1.9,RIGHT,EAV,RAIL_AND_PUMP,N_O,0,,
0 986 437 013,Bosch,FALSE,1.9,LEFT,NO_CONFIG,RAIL,NO_TYPE,,,
0 986 437 014,Bosch,FALSE,1.9,LEFT,NO_CONFIG,RAIL,NO_TYPE,,,
0 986 437 015,Bosch,FALSE,1.9,LEFT,NO_CONFIG,RAIL_AND_PUMP,NO_TYPE,,,
0 986 437 016,Bosch,FALSE,1.9,LEFT,EAV,RAIL,N_O,0,,
0 986 437 017,Bosch,FALSE,1.9,RIGHT,EAV,RAIL_AND_PUMP,N_O,0,,
0 986 437 018,Bosch,FALSE,1.9,RIGHT,NO_CONFIG,RAIL_AND_PUMP,NO_TYPE,,,
0 986 437 019,Bosch,FALSE,1.9,RIGHT,EAV,RAIL,N_O,0,,
0 986 437 020,Bosch,FALSE,1.9,RIGHT,NO_CONFIG,RAIL,NO_TYPE,,,
0 986 437 021,Bosch,FALSE,1.9,RIGHT,NO_CONFIG,RAIL,NO_TYPE,,,
0 986 437 022,Bosch,FALSE,1.9,RIGHT,NO_CONFIG,RAIL,NO_TYPE,,,
0 986 437 023,Bosch,FALSE,1.9,RIGHT,NO_CONFIG,RAIL,NO_TYPE,,,
0 986 437 024,Bosch,FALSE,1.9,RIGHT,NO_CONFIG,RAIL,NO_TYPE,,,
0 986 437 025,Bosch,FALSE,5.0,RIGHT,SCV,RAIL,N_O,0.40,0.40,1.70
0 986 437 026,Bosch,FALSE,5.0,RIGHT,SCV,RAIL,N_O,0.40,0.40,1.70
0 986 437 027,Bosch,FALSE,4.5,RIGHT,SCV,RAIL,N_O,0.40,0.40,1.70
0 986 437 028,Bosch,FALSE,0.8,RIGHT,SCV,RAIL,N_C,1.50,0.54,1.50
0 986 437 029,Bosch,FALSE,0.8,RIGHT,SCV,RAIL,N_O,0.40,0.40,1.70
0 986 437 030,Bosch,FALSE,0.8,RIGHT,SCV,RAIL,N_O,0.40,0.40,1.70
0 986 437 031,Bosch,FALSE,0.8,RIGHT,SCV,RAIL,N_O,0.40,0.40,1.70
0 986 437 032,Bosch,FALSE,4.5,RIGHT,SCV,RAIL,N_O,0.40,0.40,1.70
0 986 437 033,Bosch,FALSE,0.8,LEFT,SCV,RAIL,N_O,0.40,0.40,1.70
0 986 437 034,Bosch,FALSE,0.8,RIGHT,SCV,RAIL,N_O,0.40,0.40,1.70
0 986 437 035,Bosch,FALSE,5.0,RIGHT,SCV,RAIL,N_O,0.40,0.40,1.70
0 986 437 036,Bosch,FALSE,3.7,RIGHT,SCV,RAIL,N_O,0.40,0.40,1.70
0 986 437 037,Bosch,FALSE,0.8,LEFT,SCV,RAIL,N_O,0.40,0.40,1.70
0 986 437 038,Bosch,FALSE,3.7,RIGHT,SCV,RAIL,N_O,0.40,0.40,1.70
0 986 437 039,Bosch,FALSE,0.8,LEFT,SCV,RAIL,N_C,1.50,0.52,1.50
0 986 437 040,Bosch,FALSE,1.9,RIGHT,EAV,RAIL,N_O,0,,
0 986 437 041,Bosch,FALSE,0.8,LEFT,SCV,RAIL,N_C,1.50,0.54,1.50
0 986 437 042,Bosch,FALSE,0.8,RIGHT,SCV,RAIL,N_C,1.50,0.54,1.50
0 986 437 043,Bosch,FALSE,0.8,RIGHT,SCV,RAIL,N_C,1.50,0.52,1.50
0 986 437 044,Bosch,FALSE,0.8,LEFT,SCV,RAIL,N_O,0.40,0.40,1.70
0 986 437 045,Bosch,FALSE,3.7,LEFT,SCV,RAIL,N_O,0.40,0.40,1.70
0 986 437 046,Bosch,FALSE,4.5,RIGHT,SCV,RAIL,N_O,0.40,0.40,1.70
0 986 437 047,Bosch,FALSE,4.5,RIGHT,SCV,RAIL,N_O,0.40,0.40,1.70
0 986 437 048,Bosch,FALSE,4.5,RIGHT,SCV,RAIL,N_O,0.40,0.40,1.70
0 986 437 050,Bosch,FALSE,4.5,RIGHT,SCV,RAIL,N_O,0.40,0.40,1.70
0 986 437 052,Bosch,FALSE,4.5,RIGHT,SCV,RAIL,N_O,0.40,0.40,1.70
0 986 437 053,Bosch,FALSE,0.8,LEFT,SCV,RAIL,N_C,1.50,0.54,1.50
0 986 437 054,Bosch,FALSE,0.8,LEFT,SCV,RAIL,N_C,1.50,0.54,1.50
0 986 437 056,Bosch,FALSE,3.7,LEFT,SCV,RAIL,N_O,0.40,0.40,1.70
0 986 437 058,Bosch,FALSE,0.8,LEFT,SCV,RAIL,N_C,1.50,0.52,1.50
0 986 437 059,Bosch,FALSE,0.8,LEFT,SCV,RAIL,N_O,0.40,0.40,1.70
0 986 437 062,Bosch,FALSE,4.5,RIGHT,SCV,RAIL,N_O,0.40,0.40,1.70
0 986 437 063,Bosch,FALSE,3.7,RIGHT,SCV,RAIL,N_O,0.40,0.40,1.70
0 986 437 064,Bosch,FALSE,3.7,LEFT,SCV,RAIL,N_C,1.50,0.50,1.50
0 986 437 065,Bosch,FALSE,4.5,LEFT,SCV,RAIL,N_O,0.40,0.40,1.70
0 986 437 066,Bosch,FALSE,3.7,RIGHT,SCV,RAIL,N_C,1.50,0.50,1.50
0 986 437 069,Bosch,FALSE,4.5,RIGHT,SCV,RAIL,N_C,1.50,0.40,1.50
0 986 437 070,Bosch,FALSE,3.7,LEFT,SCV,RAIL,N_C,1.50,0.50,1.50
0 986 437 071,Bosch,FALSE,4.5,LEFT,SCV,RAIL,N_O,0.40,0.40,1.70
0 986 437 072,Bosch,FALSE,3.7,RIGHT,SCV,RAIL,N_O,0.40,0.40,1.70
0 986 437 081,Bosch,FALSE,1.9,RIGHT,NO_CONFIG,RAIL,NO_TYPE,,,
0 986 437 082,Bosch,FALSE,0.8,RIGHT,SCV,RAIL,N_O,0.40,0.40,1.70
0 986 437 085,Bosch,FALSE,5.0,RIGHT,SCV,RAIL,N_O,0.40,0.40,1.70
0 986 437 086,Bosch,FALSE,0.8,LEFT,SCV,RAIL,N_C,1.50,0.54,1.50
0 986 437 092,Bosch,FALSE,0.8,RIGHT,SCV,RAIL,N_O,0.40,0.40,1.70
0 986 437 093,Bosch,FALSE,0.8,RIGHT,SCV,RAIL,N_O,0.40,0.40,1.70
0 986 437 094,Bosch,FALSE,3.7,RIGHT,SCV,RAIL,N_O,0.40,0.40,1.70
0 986 437 095,Bosch,FALSE,3.7,RIGHT,SCV,RAIL,N_C,1.50,0.50,1.50
0 986 437 096,Bosch,FALSE,3.7,RIGHT,SCV,RAIL,N_C,1.50,0.50,1.50
0 986 437 097,Bosch,FALSE,4.5,RIGHT,SCV,RAIL,N_C,1.50,0.40,1.50
0 986 437 100,Bosch,FALSE,1.9,LEFT,NO_CONFIG,RAIL,NO_TYPE,,,
0 986 437 101,Bosch,FALSE,1.9,LEFT,EAV,RAIL,N_O,0,,
0 986 437 102,Bosch,FALSE,1.9,LEFT,NO_CONFIG,RAIL,NO_TYPE,,,
0 986 437 103,Bosch,FALSE,1.9,LEFT,EAV,RAIL,N_O,0,,
0 986 437 104,Bosch,FALSE,1.9,LEFT,NO_CONFIG,RAIL,NO_TYPE,,,
0 986 437 105,Bosch,FALSE,1.9,LEFT,NO_CONFIG,RAIL,NO_TYPE,,,
0 986 437 106,Bosch,FALSE,1.9,LEFT,EAV,RAIL,N_O,0,,
0 986 437 201,Bosch,FALSE,1.9,RIGHT,NO_CONFIG,RAIL,NO_TYPE,,,
0 986 437 301,Bosch,FALSE,0.8,RIGHT,SCV,RAIL,N_O,0.40,0.40,1.50
0 986 437 302,Bosch,FALSE,0.8,LEFT,SCV,RAIL,N_O,0.40,0.40,1.57
0 986 437 303,Bosch,FALSE,0.8,RIGHT,SCV,RAIL,N_O,0.40,0.40,1.50
0 986 437 304,Bosch,FALSE,0.8,RIGHT,SCV,RAIL,N_O,0.40,0.40,1.62
0 986 437 305,Bosch,FALSE,0.8,LEFT,SCV,RAIL,N_O,0.40,0.40,1.62
0 986 437 306,Bosch,FALSE,3.7,LEFT,SCV,RAIL,N_O,0.40,0.40,1.62
0 986 437 307,Bosch,FALSE,0.8,LEFT,SCV,RAIL,N_O,0.40,0.40,1.62
0 986 437 308,Bosch,FALSE,0.8,RIGHT,SCV,RAIL,N_O,0.40,0.40,1.62
0 986 437 309,Bosch,FALSE,0.8,RIGHT,SCV,RAIL,N_O,0.40,0.40,1.52
0 986 437 310,Bosch,FALSE,0.8,LEFT,SCV,RAIL,N_O,0.40,0.40,1.62
0 986 437 311,Bosch,FALSE,3.7,LEFT,SCV,RAIL,N_O,0.40,0.40,1.62
0 986 437 312,Bosch,FALSE,0.8,RIGHT,SCV,RAIL,N_O,0.40,0.40,1.50
0 986 437 313,Bosch,FALSE,0.8,RIGHT,SCV,RAIL,N_O,0.40,0.40,1.60
0 986 437 314,Bosch,FALSE,3.6,RIGHT,SCV,RAIL,N_O,0.40,0.40,1.62
0 986 437 315,Bosch,FALSE,3.6,RIGHT,SCV,RAIL,N_O,0.40,0.40,1.62
0 986 437 316,Bosch,FALSE,5.0,RIGHT,SCV,RAIL,N_O,0.40,0.40,1.60
0 986 437 317,Bosch,FALSE,0.8,RIGHT,SCV,RAIL,N_O,0.40,0.40,1.52
0 986 437 318,Bosch,FALSE,0.8,RIGHT,SCV,RAIL,N_O,0.40,0.40,1.62
0 986 437 319,Bosch,FALSE,0.8,LEFT,SCV,RAIL,N_O,0.40,0.40,1.62
0 986 437 320,Bosch,FALSE,3.6,RIGHT,SCV,RAIL,N_O,0.40,0.40,1.62
0 986 437 321,Bosch,FALSE,3.7,RIGHT,SCV,RAIL,N_O,0.40,0.40,1.62
0 986 437 322,Bosch,FALSE,0.8,RIGHT,SCV,RAIL,N_O,0.40,0.40,1.62
0 986 437 323,Bosch,FALSE,3.7,RIGHT,SCV,RAIL,N_O,0.40,0.40,1.62
0 986 437 325,Bosch,FALSE,3.7,RIGHT,SCV,RAIL,N_O,0.40,0.40,1.62
0 986 437 326,Bosch,FALSE,3.7,LEFT,SCV,RAIL,N_O,0.40,0.40,1.62
0 986 437 327,Bosch,FALSE,3.7,LEFT,SCV,RAIL,N_O,0.40,0.40,1.62
0 986 437 328,Bosch,FALSE,3.7,LEFT,SCV,RAIL,N_O,0.40,0.40,1.62
0 986 437 329,Bosch,FALSE,3.7,LEFT,SCV,RAIL,N_O,0.40,0.40,1.62
0 986 437 330,Bosch,FALSE,3.7,LEFT,SCV,RAIL,N_O,0.40,0.40,1.62
0 986 437 331,Bosch,FALSE,0.8,RIGHT,SCV,RAIL,N_O,0.40,0.40,1.50
0 986 437 332,Bosch,FALSE,0.8,RIGHT,SCV,RAIL,N_O,0.40,0.40,1.62
0 986 437 333,Bosch,FALSE,0.8,LEFT,SCV,RAIL,N_O,0.40,0.40,1.70
0 986 437 334,Bosch,FALSE,0.8,RIGHT,SCV,RAIL,N_O,0.40,0.40,1.62
0 986 437 335,Bosch,FALSE,0.8,RIGHT,SCV,RAIL,N_O,0.40,0.40,1.52
0 986 437 337,Bosch,FALSE,0.8,LEFT,SCV,RAIL,N_O,0.40,0.40,1.62
0 986 437 338,Bosch,FALSE,0.8,RIGHT,SCV,RAIL,N_O,0.40,0.40,1.52
0 986 437 339,Bosch,FALSE,3.7,LEFT,SCV,RAIL,N_O,0.40,0.40,1.62
0 986 437 340,Bosch,FALSE,3.7,LEFT,SCV,RAIL,N_O,0.40,0.40,1.70
0 986 437 341,Bosch,FALSE,0.8,LEFT,SCV,RAIL,N_O,0.40,0.40,1.62
0 986 437 342,Bosch,FALSE,0.8,LEFT,SCV,RAIL,N_O,0.40,0.40,1.62
0 986 437 343,Bosch,FALSE,0.8,LEFT,SCV,RAIL,N_O,0.40,0.40,1.62
0 986 437 344,Bosch,FALSE,0.8,LEFT,SCV,RAIL,N_O,0.40,0.40,1.62
0 986 437 345,Bosch,FALSE,0.8,LEFT,SCV,RAIL,N_O,0.40,0.40,1.62
0 986 437 346,Bosch,FALSE,0.8,LEFT,SCV,RAIL,N_O,0.40,0.40,1.62
0 986 437 347,Bosch,FALSE,0.8,RIGHT,SCV,RAIL,N_O,0.40,0.40,1.62
0 986 437 348,Bosch,FALSE,0.8,RIGHT,SCV,RAIL,N_O,0.40,0.40,1.62
0 986 437 349,Bosch,FALSE,5.0,RIGHT,SCV,RAIL,N_O,0.40,0.40,1.60
0 986 437 350,Bosch,FALSE,0.8,LEFT,SCV,RAIL,N_O,0.40,0.40,1.70
0 986 437 351,Bosch,FALSE,0.8,RIGHT,SCV,RAIL,N_O,0.40,0.40,1.62
0 986 437 352,Bosch,FALSE,0.8,LEFT,SCV,RAIL,N_O,0.40,0.40,1.62
0 986 437 353,Bosch,FALSE,0.8,LEFT,SCV,RAIL,N_O,0.40,0.40,1.62
0 986 437 354,Bosch,FALSE,3.7,RIGHT,SCV,RAIL,N_O,0.40,0.40,1.62
0 986 437 355,Bosch,FALSE,0.8,LEFT,SCV,RAIL,N_O,0.40,0.40,1.62
0 986 437 356,Bosch,FALSE,0.8,LEFT,SCV,RAIL,N_O,0.40,0.40,1.62
0 986 437 357,Bosch,FALSE,0.8,LEFT,SCV,RAIL,N_O,0.40,0.40,1.62
0 986 437 359,Bosch,FALSE,0.8,LEFT,SCV,RAIL,N_O,0.40,0.40,1.70
0 986 437 360,Bosch,FALSE,0.8,LEFT,SCV,RAIL,N_O,0.40,0.40,1.62
0 986 437 361,Bosch,FALSE,3.7,LEFT,SCV,RAIL,N_O,0.40,0.40,1.62
0 986 437 362,Bosch,FALSE,3.7,LEFT,SCV,RAIL,N_O,0.40,0.40,1.62
0 986 437 363,Bosch,FALSE,3.7,LEFT,SCV,RAIL,N_O,0.40,0.40,1.62
0 986 437 364,Bosch,FALSE,3.7,LEFT,SCV,RAIL,N_O,0.40,0.40,1.62
0 986 437 365,Bosch,FALSE,3.7,LEFT,SCV,RAIL,N_O,0.40,0.40,1.62
0 986 437 366,Bosch,FALSE,3.7,LEFT,SCV,RAIL,N_O,0.40,0.40,1.62
0 986 437 367,Bosch,FALSE,3.7,LEFT,SCV,RAIL,N_O,0.40,0.40,1.62
0 986 437 368,Bosch,FALSE,3.7,LEFT,SCV,RAIL,N_O,0.40,0.40,1.62
0 986 437 369,Bosch,FALSE,0.8,RIGHT,SCV,RAIL,N_O,0.40,0.40,1.62
0 986 437 370,Bosch,FALSE,0.8,LEFT,SCV,RAIL,N_O,0.40,0.40,1.70
0 986 437 372,Bosch,FALSE,0.8,RIGHT,SCV,RAIL,N_O,0.40,0.40,1.52
0 986 437 373,Bosch,FALSE,3.7,LEFT,SCV,RAIL,N_O,0.40,0.40,1.50
0 986 437 374,Bosch,FALSE,3.7,LEFT,SCV,RAIL,N_O,0.40,0.40,1.70
0 986 437 375,Bosch,FALSE,0.8,LEFT,SCV,RAIL,N_O,0.40,0.40,1.70
0 986 437 377,Bosch,FALSE,0.8,LEFT,SCV,RAIL,N_O,0.40,0.40,1.62
0 986 437 379,Bosch,FALSE,0.8,RIGHT,SCV,RAIL,N_O,0.40,0.40,1.70
0 986 437 381,Bosch,FALSE,0.8,LEFT,SCV,RAIL,N_O,0.40,0.40,1.70
0 986 437 383,Bosch,FALSE,0.8,RIGHT,SCV,RAIL,N_O,0.40,0.40,1.70
0 986 437 384,Bosch,FALSE,0.8,LEFT,SCV,RAIL,N_O,0.40,0.40,1.62
0 986 437 385,Bosch,FALSE,0.8,LEFT,SCV,RAIL,N_O,0.40,0.40,1.62
0 986 437 386,Bosch,FALSE,0.8,RIGHT,SCV,RAIL,N_O,0.40,0.40,1.62
0 986 437 401,Bosch,FALSE,3.7,LEFT,SCV,RAIL,N_O,0.40,0.40,1.70
0 986 437 402,Bosch,FALSE,3.7,LEFT,SCV,RAIL,N_O,0.40,0.40,1.70
0 986 437 403,Bosch,FALSE,3.7,LEFT,SCV,RAIL,N_O,0.40,0.40,1.70
0 986 437 404,Bosch,FALSE,3.7,RIGHT,SCV,RAIL,N_O,0.40,0.40,1.80
0 986 437 405,Bosch,FALSE,3.7,RIGHT,SCV,RAIL,N_O,0.40,0.40,1.70
0 986 437 406,Bosch,FALSE,3.7,LEFT,SCV,RAIL,N_O,0.40,0.40,1.70
0 986 437 407,Bosch,FALSE,3.7,RIGHT,SCV,RAIL,N_O,0.40,0.40,1.70
0 986 437 408,Bosch,FALSE,3.7,RIGHT,SCV,RAIL,N_O,0.40,0.40,1.70
0 986 437 409,Bosch,FALSE,3.7,RIGHT,SCV,RAIL,N_O,0.40,0.40,1.70
0 986 437 410,Bosch,FALSE,3.7,RIGHT,SCV,RAIL,N_O,0.40,0.40,1.70
0 986 437 411,Bosch,FALSE,3.7,RIGHT,SCV,RAIL,N_O,0.40,0.40,1.70
0 986 437 412,Bosch,FALSE,3.7,RIGHT,SCV,RAIL,N_O,0.40,0.40,1.70
0 986 437 413,Bosch,FALSE,0.8,LEFT,SCV,RAIL,N_O,0.40,0.40,1.70
0 986 437 414,Bosch,FALSE,0.8,LEFT,SCV,RAIL,N_O,0.40,0.40,1.70
0 986 437 418,Bosch,FALSE,3.7,LEFT,SCV,RAIL,N_O,0.40,0.40,1.70
0 986 437 419,Bosch,FALSE,3.7,RIGHT,SCV,RAIL,N_O,0.40,0.40,1.70
0 986 437 420,Bosch,FALSE,3.7,RIGHT,SCV,RAIL,N_O,0.40,0.40,1.70
0 986 437 421,Bosch,FALSE,0.8,RIGHT,SCV,RAIL,N_O,0.40,0.40,1.70
0 986 437 422,Bosch,FALSE,3.7,RIGHT,SCV,RAIL,N_O,0.40,0.40,1.70
0 986 437 423,Bosch,FALSE,3.7,RIGHT,SCV,RAIL,N_O,0.40,0.40,1.70
0 986 437 424,Bosch,FALSE,3.7,LEFT,SCV,RAIL,N_O,0.40,0.40,1.70
0 986 437 425,Bosch,FALSE,3.7,LEFT,SCV,RAIL,N_O,0.40,0.40,1.70
0 986 437 426,Bosch,FALSE,3.7,LEFT,SCV,RAIL,N_O,0.40,0.40,1.70
0 986 437 427,Bosch,FALSE,3.7,LEFT,SCV,RAIL,N_O,0.40,0.40,1.70
0 986 437 428,Bosch,FALSE,3.7,LEFT,SCV,RAIL,N_O,0.40,0.40,1.70
0 986 437 429,Bosch,FALSE,3.7,LEFT,SCV,RAIL,N_O,0.40,0.40,1.70
0 986 437 430,Bosch,FALSE,0.8,RIGHT,SCV,RAIL,N_C,1.70,0.20,1.70
0 986 437 431,Bosch,FALSE,3.7,RIGHT,SCV,RAIL,N_O,0.40,0.40,1.70
0 986 437 432,Bosch,FALSE,0.8,LEFT,SCV,RAIL,N_O,0.40,0.40,1.70
0 986 437 433,Bosch,FALSE,3.7,RIGHT,SCV,RAIL,N_O,0.40,0.40,1.70
0 986 437 434,Bosch,FALSE,3.7,RIGHT,SCV,RAIL,N_O,0.40,0.40,1.70
0 986 437 435,Bosch,FALSE,3.7,RIGHT,SCV,RAIL,N_O,0.40,0.40,1.70
0 986 437 437,Bosch,FALSE,3.7,RIGHT,SCV,RAIL,N_O,0.40,0.40,1.70
0 986 437 438,Bosch,FALSE,3.7,RIGHT,SCV,RAIL,N_O,0.40,0.40,1.70
0 986 437 439,Bosch,FALSE,3.7,RIGHT,SCV,RAIL,N_O,0.40,0.40,1.70
0 986 437 440,Bosch,FALSE,4.2,RIGHT,SCV,RAIL,N_O,0.40,0.40,1.70
0 986 437 441,Bosch,FALSE,4.1,RIGHT,SCV,RAIL,N_O,0.40,0.40,1.80
0 986 437 442,Bosch,FALSE,3.7,RIGHT,SCV,RAIL,N_C,1.70,0.20,1.70
0 986 437 443,Bosch,FALSE,3.7,RIGHT,SCV,RAIL,N_O,0.40,0.40,1.70
0 986 437 444,Bosch,FALSE,3.7,RIGHT,SCV,RAIL,N_O,0.40,0.40,1.70
0 986 437 445,Bosch,FALSE,4.3,RIGHT,SCV,RAIL,N_O,0.40,0.40,1.70
0 986 437 446,Bosch,FALSE,3.7,RIGHT,SCV,RAIL,N_O,0.40,0.40,1.70
0 986 437 447,Bosch,FALSE,3.7,RIGHT,SCV,RAIL,N_O,0.40,0.40,1.80
0 986 437 448,Bosch,FALSE,0.8,RIGHT,SCV,RAIL,N_C,1.70,0.20,1.70
0 986 437 449,Bosch,FALSE,0.8,RIGHT,SCV,RAIL,N_C,1.70,0.20,1.70
0 986 437 450,Bosch,FALSE,4.2,RIGHT,SCV,RAIL,N_O,0.40,0.40,1.70
0 986 437 451,Bosch,FALSE,0.8,RIGHT,SCV,RAIL,N_O,0.40,0.40,1.70
0 986 437 452,Bosch,FALSE,3.7,LEFT,SCV,RAIL,N_O,0.40,0.40,1.70
0 986 437 453,Bosch,FALSE,3.7,LEFT,SCV,RAIL,N_O,0.40,0.40,1.70
0 986 437 454,Bosch,FALSE,3.7,RIGHT,SCV,RAIL,N_O,0.40,0.40,1.70
0 986 437 455,Bosch,FALSE,3.7,LEFT,SCV,RAIL,N_O,0.40,0.40,1.70
0 986 437 456,Bosch,FALSE,4.0,LEFT,SCV,RAIL,N_O,0.40,0.40,1.80
0 986 437 457,Bosch,FALSE,3.8,LEFT,SCV,RAIL,N_O,0.40,0.40,1.80
0 986 437 458,Bosch,FALSE,3.7,LEFT,SCV,RAIL,N_O,0.40,0.40,1.8
0 986 437 459,Bosch,FALSE,0.8,RIGHT,SCV,RAIL,N_C,1.70,0.20,1.70
0 986 437 460,Bosch,FALSE,0.8,RIGHT,SCV,RAIL,N_C,1.70,0.20,1.70
0 986 437 461,Bosch,FALSE,3.7,RIGHT,SCV,RAIL,N_O,0.40,0.40,1.70
0 986 437 462,Bosch,FALSE,3.7,LEFT,SCV,RAIL,N_O,0.40,0.40,1.70
0 986 437 463,Bosch,FALSE,3.7,RIGHT,SCV,RAIL,N_O,0.40,0.40,1.70
0 986 437 465,Bosch,FALSE,3.7,RIGHT,SCV,RAIL,N_O,0.40,0.40,1.70
0 986 437 501,Bosch,FALSE,1.9,RIGHT,EAV,RAIL_AND_PUMP,N_O,0,,
0 986 437 502,Bosch,FALSE,1.9,RIGHT,EAV,RAIL_AND_PUMP,N_O,0,,
F 00E 200 392,Bosch,FALSE,0.8,RIGHT,SCV,RAIL,N_O,0.40,0.40,1.62
F 00E 200 431,Bosch,FALSE,0.8,RIGHT,SCV,RAIL,N_O,0.40,0.40,1.62
28212378,Delphi,FALSE,0.8,RIGHT,SCV,RAIL,N_O,0,0,1.3
28237090,Delphi,FALSE,0.8,RIGHT,SCV,RAIL,N_O,0,0,1.3
28244458,Delphi,FALSE,0.8,RIGHT,SCV,RAIL,N_O,0,0,1.3
28249008,Delphi,FALSE,4.5,LEFT,SCV,RAIL,N_O,0,0,1.3
28252614,Delphi,FALSE,4.5,LEFT,SCV,RAIL,N_O,0,0,1.3
28261917,Delphi,FALSE,4.5,LEFT,SCV,RAIL,N_O,0,0,1.3
28269520,Delphi,FALSE,0.8,RIGHT,SCV,RAIL,N_O,0,0,1.3
28283960,Delphi,FALSE,0.8,RIGHT,SCV,RAIL,N_O,0,0,1.3
28284022,Delphi,FALSE,0.8,RIGHT,SCV,RAIL,N_O,0,0,1.3
28285432,Delphi,FALSE,0.8,RIGHT,SCV,RAIL,N_O,0,0,1.3
28297640,Delphi,FALSE,4.5,LEFT,SCV,RAIL,N_O,0,0,1.3
28302063,Delphi,FALSE,4.5,LEFT,SCV,RAIL,N_O,0,0,1.3
28307889,Delphi,FALSE,0.8,RIGHT,SCV,RAIL,N_O,0,0,1.3
28343143,Delphi,FALSE,4.5,LEFT,SCV,RAIL,N_O,0,0,1.3
28351705,Delphi,FALSE,0.8,RIGHT,SCV,RAIL,N_O,0,0,1.3
28435244,Delphi,FALSE,0.8,LEFT,SCV,RAIL,N_O,0,0,1.3
28447439,Delphi,FALSE,4.5,LEFT,SCV,RAIL,N_O,0,0,1.3
9044A032A,Delphi,FALSE,0.8,RIGHT,SCV,RAIL,N_O,0,0,1.2
9044A033A,Delphi,FALSE,0.8,RIGHT,SCV,RAIL,N_O,0,0,1.2
9044A035B,Delphi,FALSE,0.8,RIGHT,SCV,RAIL,N_O,0,0,1.2
9044A130B,Delphi,FALSE,0.8,RIGHT,SCV,RAIL,N_O,0,0,1.2
9044Z032A,Delphi,FALSE,0.8,RIGHT,SCV,RAIL,N_O,0,0,1.2
9044Z033A,Delphi,FALSE,0.8,RIGHT,SCV,RAIL,N_O,0,0,1.2
9044Z035B,Delphi,FALSE,0.8,RIGHT,SCV,RAIL,N_O,0,0,1.2
9421A000A,Delphi,FALSE,4.8,LEFT,SCV,RAIL,N_O,0,0,1.3
9421A030A,Delphi,FALSE,4.8,LEFT,SCV,RAIL,N_O,0,0,1.3
9422A000A,Delphi,FALSE,0.8,RIGHT,SCV,RAIL,N_O,0,0,1.3
9422A001A,Delphi,FALSE,0.8,RIGHT,SCV,RAIL,N_O,0,0,1.3
9422A010A,Delphi,FALSE,0.8,LEFT,SCV,RAIL,N_O,0,0,1.3
9422A011A,Delphi,FALSE,0.8,LEFT,SCV,RAIL,N_O,0,0,1.3
9422A060A,Delphi,FALSE,0.8,RIGHT,SCV,RAIL,N_O,0,0,1.3
9424A000A,Delphi,FALSE,0.8,RIGHT,SCV,RAIL,N_O,0,0,1.3
9424A010A,Delphi,FALSE,4.5,LEFT,SCV,RAIL,N_O,0,0,1.3
9424A050A,Delphi,FALSE,0.8,RIGHT,SCV,RAIL,N_O,0,0,1.3
9424A070A,Delphi,FALSE,4.5,LEFT,SCV,RAIL,N_O,0,0,1.3
9424A110A,Delphi,FALSE,0.8,RIGHT,SCV,RAIL,N_O,0,0,1.3
1-15603508-#,Denso,FALSE,0.8,LEFT,SCV,RAIL,N_O,0,0,1.290
11110106260000,Denso,FALSE,0.8,RIGHT,SCV,RAIL,N_O,0,0,1.3
111101064P0000,Denso,FALSE,0.8,RIGHT,SCV,RAIL,N_O,0,0,1.3
11110106820000,Denso,FALSE,0.8,RIGHT,SCV,RAIL,N_O,0,0,1.30
11110107200000,Denso,FALSE,0.8,RIGHT,SCV,RAIL,N_O,0,0,1.30
11110107300000,Denso,FALSE,0.8,RIGHT,SCV,RAIL,N_O,0,0,1.30
1111010A720000,Denso,FALSE,0.8,RIGHT,SCV,RAIL,N_O,0,0,1.30
1111010C000000,Denso,FALSE,0.8,LEFT,SCV,RAIL,N_O,0,0,1.30
1111010L000000,Denso,FALSE,0.8,LEFT,SCV,RAIL,N_O,0,0,1.3
129978-5100,Denso,FALSE,0.8,RIGHT,SCV,RAIL,N_O,0,0,2.20
1310111150,Denso,FALSE,0.8,LEFT,SCV,RAIL,N_O,0,0,2.20
1460A001,Denso,FALSE,0.8,RIGHT,SCV,RAIL,N_O,0,0,2.14
1460A003,Denso,FALSE,0.8,LEFT,SCV,RAIL,N_O,0,0,2.14
1460A019,Denso,FALSE,0.8,RIGHT,SCV,RAIL,N_O,0,0,2.14
1460A022,Denso,FALSE,0.8,LEFT,SCV,RAIL,N_O,0,0,2.14
1460A040,Denso,FALSE,0.8,LEFT,SCV,RAIL,N_O,0,0,2.14
1460A043,Denso,FALSE,0.8,RIGHT,SCV,RAIL,N_O,0,0,2.20
1460A044,Denso,FALSE,0.8,LEFT,SCV,RAIL,N_O,0,0,2.14
1460A047,Denso,FALSE,0.8,RIGHT,SCV,RAIL,N_O,0,0,2.14
1460A050,Denso,FALSE,0.8,LEFT,SCV,RAIL,N_O,0,0,2.14
1460A052,Denso,FALSE,0.8,LEFT,SCV,RAIL,N_O,0,0,2.14
1460A053,Denso,FALSE,0.8,RIGHT,SCV,RAIL,N_O,0,0,2.14
1460A057,Denso,FALSE,0.8,RIGHT,SCV,RAIL,N_O,0,0,2.14
1460A058,Denso,FALSE,0.8,LEFT,SCV,RAIL,N_O,0,0,2.14
1460A059,Denso,FALSE,0.8,LEFT,SCV,RAIL,N_O,0,0,2.14
1460A095,Denso,FALSE,0.8,RIGHT,SCV,RAIL,N_O,0,0,2.14
1460A096,Denso,FALSE,0.8,RIGHT,SCV,RAIL,N_O,0,0,2.14
1460A097,Denso,FALSE,0.8,RIGHT,SCV,RAIL,N_O,0,0,2.14
16625AA010,Denso,FALSE,0.8,RIGHT,SCV,RAIL,N_O,0,0,2.20
16625AA011,Denso,FALSE,0.8,RIGHT,SCV,RAIL,N_O,0,0,2.20
16625AA020,Denso,FALSE,0.8,RIGHT,SCV,RAIL,N_O,0,0,2.20
16625AA030,Denso,FALSE,0.8,RIGHT,SCV,RAIL,N_O,0,0,2.20
16625AA060,Denso,FALSE,0.8,RIGHT,SCV,RAIL,N_C,2.10,0,2.10
16700-5X00#,Denso,FALSE,0.8,RIGHT,SCV,RAIL,N_O,0,0,2.20
16700-AW40#,Denso,FALSE,0.8,RIGHT,SCV,RAIL,N_O,0,0,2.20
16700-AW42#,Denso,FALSE,0.8,RIGHT,SCV,RAIL,N_O,0,0,2.20
16700-EB30#,Denso,FALSE,0.8,RIGHT,SCV,RAIL,N_O,0,0,2.20
16700-EC00#,Denso,FALSE,0.8,RIGHT,SCV,RAIL,N_O,0,0,2.20
16700-ES60#,Denso,FALSE,0.8,RIGHT,SCV,RAIL,N_O,0,0,2.20
16700-LC10#,Denso,FALSE,0.8,RIGHT,SCV,RAIL,N_O,0,0,2.20
16700-VM00#,Denso,FALSE,0.8,RIGHT,SCV,RAIL,N_O,0,0,2.20
16700KV0A,Denso,FALSE,0.8,RIGHT,SCV,RAIL,N_O,0,0,2.20
16730Z501B,Denso,FALSE,0.8,RIGHT,SCV,RAIL,N_O,0,0,1.3
16730Z503B,Denso,FALSE,0.8,RIGHT,SCV,RAIL,N_O,0,0,1.3
16730Z6005,Denso,FALSE,0.8,LEFT,SCV,RAIL,N_O,0,0,1.3
16730Z600A,Denso,FALSE,0.8,LEFT,SCV,RAIL,N_O,0,0,1.3
1G381-50501,Denso,FALSE,0.8,LEFT,SCV,RAIL,N_O,0,0,1.3
1G410-50501,Denso,FALSE,0.8,RIGHT,SCV,RAIL,N_O,0,0,2.20
1G421-50501,Denso,FALSE,0.8,RIGHT,SCV,RAIL,N_O,0,0,2.20
1J500-50501,Denso,FALSE,0.8,LEFT,SCV,RAIL,N_O,0,0,2.20
1J502-50501,Denso,FALSE,0.8,RIGHT,SCV,RAIL,N_O,0,0,2.20
1J574-50502,Denso,FALSE,0.8,LEFT,SCV,RAIL,N_O,0,0,2.10
1J770-5050#,Denso,FALSE,0.8,RIGHT,SCV,RAIL,N_O,0,0,2.20
21229831,Denso,FALSE,0.8,LEFT,SCV,RAIL,N_O,0,0,2.1
21276943,Denso,FALSE,0.8,LEFT,SCV,RAIL,N_O,0,0,1.3
22100-0G010,Denso,FALSE,0.8,RIGHT,SCV,RAIL,N_C,2.10,0,2.10
22100-0G011,Denso,FALSE,0.8,RIGHT,SCV,RAIL,N_C,2.10,0,2.10
22100-0L010,Denso,FALSE,0.8,RIGHT,SCV,RAIL,N_C,2.10,0,2.10
22100-0L020,Denso,FALSE,0.8,RIGHT,SCV,RAIL,N_C,2.10,0,2.10
22100-0L030,Denso,FALSE,0.8,RIGHT,SCV,RAIL,N_C,2.10,0,2.10
22100-0L040,Denso,FALSE,0.8,RIGHT,SCV,RAIL,N_C,2.10,0,2.10
22100-0L050,Denso,FALSE,0.8,RIGHT,SCV,RAIL,N_C,2.10,0,2.10
22100-0L060,Denso,FALSE,0.8,RIGHT,SCV,RAIL,N_C,2.10,0,2.10
22100-0L070,Denso,FALSE,0.8,RIGHT,SCV,RAIL,N_C,2.10,0,2.10
22100-0R010,Denso,FALSE,0.8,RIGHT,SCV,RAIL,N_C,2.10,0,2.10
22100-0R011,Denso,FALSE,0.8,RIGHT,SCV,RAIL,N_C,2.10,0,2.10
22100-0R020,Denso,FALSE,0.8,RIGHT,SCV,RAIL,N_C,2.10,0,2.10
22100-0R021,Denso,FALSE,0.8,RIGHT,SCV,RAIL,N_C,2.10,0,2.10
22100-0R030,Denso,FALSE,0.8,RIGHT,SCV,RAIL,N_C,2.10,0,2.10
22100-0R031,Denso,FALSE,0.8,RIGHT,SCV,RAIL,N_C,2.10,0,2.10
22100-0R040,Denso,FALSE,0.8,RIGHT,SCV,RAIL,N_C,2.10,0,2.10
22100-0R050,Denso,FALSE,0.8,RIGHT,SCV,RAIL,N_C,2.10,0,2.10
22100-0R060,Denso,FALSE,0.8,RIGHT,SCV,RAIL,N_C,2.10,0,2.10
22100-0R061,Denso,FALSE,0.8,RIGHT,SCV,RAIL,N_C,2.10,0,2.10
22100-0R070,Denso,FALSE,0.8,RIGHT,SCV,RAIL,N_C,2.10,0,2.10
22100-1261C,Denso,FALSE,0.8,LEFT,SCV,RAIL,N_O,0,0,1.3
22100-27020,Denso,FALSE,0.8,RIGHT,SCV,RAIL,N_C,2.10,0,2.10
22100-30021,Denso,FALSE,0.8,RIGHT,SCV,RAIL,N_C,2.10,0,2.10
22100-30040,Denso,FALSE,0.8,RIGHT,SCV,RAIL,N_C,2.10,0,2.10
22100-30050,Denso,FALSE,0.8,RIGHT,SCV,RAIL,N_C,2.10,0,2.10
22100-30060,Denso,FALSE,0.8,RIGHT,SCV,RAIL,N_C,2.10,0,2.10
22100-30070,Denso,FALSE,0.8,RIGHT,SCV,RAIL,N_C,2.10,0,2.10
22100-30080,Denso,FALSE,0.8,RIGHT,SCV,RAIL,N_C,2.10,0,2.10
22100-30090,Denso,FALSE,0.8,RIGHT,SCV,RAIL,N_C,2.10,0,2.10
22100-30100,Denso,FALSE,0.8,RIGHT,SCV,RAIL,N_C,2.10,0,2.10
22100-30110,Denso,FALSE,0.8,RIGHT,SCV,RAIL,N_C,2.10,0,2.10
22100-30120,Denso,FALSE,0.8,RIGHT,SCV,RAIL,N_C,2.10,0,2.10
22100-30130,Denso,FALSE,0.8,RIGHT,SCV,RAIL,N_C,2.10,0,2.10
22100-30140,Denso,FALSE,0.8,RIGHT,SCV,RAIL,N_C,2.10,0,2.10
22100-30150,Denso,FALSE,0.8,RIGHT,SCV,RAIL,N_C,2.10,0,2.10
22100-30151,Denso,FALSE,0.8,RIGHT,SCV,RAIL,N_C,2.10,0,2.10
22100-30152,Denso,FALSE,0.8,RIGHT,SCV,RAIL,N_C,2.10,0,2.10
22100-30160,Denso,FALSE,0.8,RIGHT,SCV,RAIL,N_C,2.10,0,2.10
22100-30161,Denso,FALSE,0.8,RIGHT,SCV,RAIL,N_C,2.10,0,2.10
22100-51020,Denso,FALSE,0.8,RIGHT,SCV,RAIL,N_C,2.10,0,2.10
22100-5103#,Denso,FALSE,0.8,RIGHT,SCV,RAIL,N_C,2.10,0,2.10
22100-51030,Denso,FALSE,0.8,RIGHT,SCV,RAIL,N_C,2.10,0,2.10
22100-51040,Denso,FALSE,0.8,RIGHT,SCV,RAIL,N_C,2.10,0,2.10
22100-51041,Denso,FALSE,0.8,RIGHT,SCV,RAIL,N_C,2.10,0,2.10
22100-51042,Denso,FALSE,0.8,RIGHT,SCV,RAIL,N_C,2.10,0,2.10
22100-7818#,Denso,FALSE,0.8,LEFT,SCV,RAIL,N_O,0,0,1.3
22100-78180,Denso,FALSE,0.8,LEFT,SCV,RAIL,N_O,0,0,1.3
22100-7823#,Denso,FALSE,0.8,LEFT,SCV,RAIL,N_C,2.10,0,2.10
22100-7825#,Denso,FALSE,0.8,LEFT,SCV,RAIL,N_C,2.10,0,2.10
22100-E002#,Denso,FALSE,0.8,RIGHT,SCV,RAIL,N_O,0,0,1.3
22100-E0025,Denso,FALSE,0.8,RIGHT,SCV,RAIL,N_O,0,0,1.3
22100-E003#,Denso,FALSE,0.8,RIGHT,SCV,RAIL,N_O,0,0,1.3
22100-E0035,Denso,FALSE,0.8,RIGHT,SCV,RAIL,N_O,0,0,1.300
22100-E0060,Denso,FALSE,0.8,LEFT,SCV,RAIL,N_C,2.10,0,2.10
22100-E0080,Denso,FALSE,0.8,LEFT,SCV,RAIL,N_C,2.10,0,2.10
22100-E010#,Denso,FALSE,0.8,RIGHT,SCV,RAIL,N_O,0,0,2.10
22100-E011#,Denso,FALSE,0.8,RIGHT,SCV,RAIL,N_O,0,0,2.10
22100-E024#,Denso,FALSE,0.8,LEFT,SCV,RAIL,N_O,0,0,2.10
22100-E0254,Denso,FALSE,0.8,RIGHT,SCV,RAIL,N_O,0,0,1.3
22100-E027#,Denso,FALSE,0.8,RIGHT,SCV,RAIL,N_O,0,0,2.10
22100-E0290,Denso,FALSE,0.8,RIGHT,SCV,RAIL,N_O,0,0,1.3
22100-E032#,Denso,FALSE,0.8,RIGHT,SCV,RAIL,N_O,0,0,1.30
22100-E033#,Denso,FALSE,0.8,RIGHT,SCV,RAIL,N_O,0,0,2.10
22100-E0333-A,Denso,FALSE,0.8,RIGHT,SCV,RAIL,N_O,0,0,2.10
22100-E035#,Denso,FALSE,0.8,RIGHT,SCV,RAIL,N_O,0,0,2.10
22100-E0400,Denso,FALSE,0.8,RIGHT,SCV,RAIL,N_O,0,0,1.3
22100-E0430,Denso,FALSE,0.8,RIGHT,SCV,RAIL,N_O,0,0,1.30
22100-E0532,Denso,FALSE,0.8,RIGHT,SCV,RAIL,N_O,0,0,1.3
22100-E0550-A,Denso,FALSE,0.8,LEFT,SCV,RAIL,N_O,0,0,2.10
22100-E0560-C,Denso,FALSE,0.8,LEFT,SCV,RAIL,N_O,0,0,1.30
22100-E0570,Denso,FALSE,0.8,RIGHT,SCV,RAIL,N_O,0,0,2.10
22100-E0580,Denso,FALSE,0.8,RIGHT,SCV,RAIL,N_O,0,0,1.3
22730-128#,Denso,FALSE,0.8,RIGHT,SCV,RAIL,N_O,0,0,1.30
22730-1311,Denso,FALSE,0.8,RIGHT,SCV,RAIL,N_O,0,0,2.10
22730-1321,Denso,FALSE,0.8,RIGHT,SCV,RAIL,N_O,0,0,2.10
22730-134#,Denso,FALSE,0.8,RIGHT,SCV,RAIL,N_O,0,0,1.3
22730-135#,Denso,FALSE,0.8,RIGHT,SCV,RAIL,N_O,0,0,1.3
294000-001#,Denso,FALSE,0.8,RIGHT,SCV,RAIL,N_C,2.10,0,2.10
294000-003#,Denso,FALSE,0.8,LEFT,SCV,RAIL,N_O,0,0,1.3
294000-004#,Denso,FALSE,0.8,RIGHT,SCV,RAIL,N_O,0,0,2.20
294000-005#,Denso,FALSE,0.8,RIGHT,SCV,RAIL,N_O,0,0,2.10
294000-006#,Denso,FALSE,0.8,RIGHT,SCV,RAIL,N_C,2.10,0,2.10
294000-007#,Denso,FALSE,0.8,RIGHT,SCV,RAIL,N_O,0,0,2.14
294000-010#,Denso,FALSE,0.8,RIGHT,SCV,RAIL,N_C,2.10,0,2.10
294000-011#,Denso,FALSE,0.8,RIGHT,SCV,RAIL,N_C,2.10,0,2.10
294000-012#,Denso,FALSE,0.8,RIGHT,SCV,RAIL,N_O,0,0,2.20
294000-015#,Denso,FALSE,0.8,RIGHT,SCV,RAIL,N_O,0,0,2.14
294000-016#,Denso,FALSE,0.8,RIGHT,SCV,RAIL,N_O,0,0,2.20
294000-017#,Denso,FALSE,0.8,RIGHT,SCV,RAIL,N_C,2.10,0,2.10
294000-019#,Denso,FALSE,0.8,LEFT,SCV,RAIL,N_O,0,0,1.3
294000-020#,Denso,FALSE,0.8,RIGHT,SCV,RAIL,N_O,0,0,1.30
294000-023#,Denso,FALSE,0.8,RIGHT,SCV,RAIL,N_O,0,0,2.14
294000-025#,Denso,FALSE,0.8,RIGHT,SCV,RAIL,N_O,0,0,2.10
294000-026#,Denso,FALSE,0.8,LEFT,SCV,RAIL,N_O,0,0,2.14
294000-029#,Denso,FALSE,0.8,LEFT,SCV,RAIL,N_O,0,0,1.3
294000-030#,Denso,FALSE,0.8,RIGHT,SCV,RAIL,N_C,2.10,0,2.10
294000-031#,Denso,FALSE,0.8,RIGHT,SCV,RAIL,N_C,2.10,0,2.10
294000-032#,Denso,FALSE,0.8,RIGHT,SCV,RAIL,N_C,2.10,0,2.10
294000-033#,Denso,FALSE,0.8,RIGHT,SCV,RAIL,N_O,0,0,2.14
294000-034#,Denso,FALSE,0.8,LEFT,SCV,RAIL,N_O,0,0,2.14
294000-035#,Denso,FALSE,0.8,RIGHT,SCV,RAIL,N_C,2.10,0,2.10
294000-036#,Denso,FALSE,0.8,RIGHT,SCV,RAIL,N_C,2.10,0,2.10
294000-037#,Denso,FALSE,0.8,RIGHT,SCV,RAIL,N_O,0,0,2.20
294000-038#,Denso,FALSE,0.8,RIGHT,SCV,RAIL,N_C,2.10,0,2.10
294000-039#,Denso,FALSE,0.8,RIGHT,SCV,RAIL,N_O,0,0,2.10
294000-040#,Denso,FALSE,0.8,RIGHT,SCV,RAIL,N_O,0,0,2.20
294000-041#,Denso,FALSE,0.8,RIGHT,SCV,RAIL,N_O,0,0,2.20
294000-042#,Denso,FALSE,0.8,RIGHT,SCV,RAIL,N_O,0,0,2.20
294000-043#,Denso,FALSE,0.8,RIGHT,SCV,RAIL,N_C,2.10,0,2.10
294000-044#,Denso,FALSE,0.8,RIGHT,SCV,RAIL,N_C,2.10,0,2.10
294000-046#,Denso,FALSE,0.8,RIGHT,SCV,RAIL,N_O,0,0,1.3
294000-047#,Denso,FALSE,0.8,RIGHT,SCV,RAIL,N_O,0,0,2.20
294000-049#,Denso,FALSE,0.8,RIGHT,SCV,RAIL,N_O,0,0,1.29
294000-050#,Denso,FALSE,0.8,RIGHT,SCV,RAIL,N_O,0,0,2.14
294000-051#,Denso,FALSE,0.8,RIGHT,SCV,RAIL,N_C,2.10,0,2.10
294000-052#,Denso,FALSE,0.8,RIGHT,SCV,RAIL,N_C,2.10,0,2.10
294000-053#,Denso,FALSE,0.8,RIGHT,SCV,RAIL,N_O,0,0,2.20
294000-054#,Denso,FALSE,0.8,RIGHT,SCV,RAIL,N_C,2.10,0,2.10
294000-055#,Denso,FALSE,0.8,RIGHT,SCV,RAIL,N_C,2.10,0,2.10
294000-056#,Denso,FALSE,0.8,RIGHT,SCV,RAIL,N_O,0,0,2.10
294000-057#,Denso,FALSE,0.8,LEFT,SCV,RAIL,N_O,0,0,1.3
294000-058#,Denso,FALSE,0.8,LEFT,SCV,RAIL,N_O,0,0,2.14
294000-059#,Denso,FALSE,0.8,LEFT,SCV,RAIL,N_C,2.10,0,2.10
294000-061#,Denso,FALSE,0.8,RIGHT,SCV,RAIL,N_O,0,0,1.3
294000-062#,Denso,FALSE,0.8,RIGHT,SCV,RAIL,N_O,0,0,2.20
294000-063#,Denso,FALSE,0.8,LEFT,SCV,RAIL,N_C,2.10,0,2.10
294000-064#,Denso,FALSE,0.8,RIGHT,SCV,RAIL,N_O,0,0,2.14
294000-065#,Denso,FALSE,0.8,RIGHT,SCV,RAIL,N_O,0,0,2.10
294000-066#,Denso,FALSE,0.8,LEFT,SCV,RAIL,N_O,0,0,2.14
294000-067#,Denso,FALSE,0.8,LEFT,SCV,RAIL,N_O,0,0,1.30
294000-068#,Denso,FALSE,0.8,RIGHT,SCV,RAIL,N_O,0,0,1.30
294000-069#,Denso,FALSE,0.8,LEFT,SCV,RAIL,N_O,0,0,2.10
294000-070#,Denso,FALSE,0.8,RIGHT,SCV,RAIL,N_C,2.10,0,2.10
294000-071#,Denso,FALSE,0.8,RIGHT,SCV,RAIL,N_C,2.10,0,2.10
294000-073#,Denso,FALSE,0.8,LEFT,SCV,RAIL,N_O,0,0,1.30
294000-075#,Denso,FALSE,0.8,RIGHT,SCV,RAIL,N_O,0,0,2.10
294000-076#,Denso,FALSE,0.8,RIGHT,SCV,RAIL,N_O,0,0,2.20
294000-078#,Denso,FALSE,0.8,RIGHT,SCV,RAIL,N_O,0,0,2.20
294000-082#,Denso,FALSE,0.8,LEFT,SCV,RAIL,N_O,0,0,1.30
294000-083#,Denso,FALSE,0.8,LEFT,SCV,RAIL,N_O,0,0,1.30
294000-084#,Denso,FALSE,0.8,RIGHT,SCV,RAIL,N_O,0,0,2.20
294000-085#,Denso,FALSE,0.8,RIGHT,SCV,RAIL,N_C,2.10,0,2.10
294000-086#,Denso,FALSE,0.8,RIGHT,SCV,RAIL,N_C,2.10,0,2.10
294000-087#,Denso,FALSE,0.8,RIGHT,SCV,RAIL,N_C,2.10,0,2.10
294000-088#,Denso,FALSE,0.8,RIGHT,SCV,RAIL,N_C,2.10,0,2.10
294000-089#,Denso,FALSE,0.8,RIGHT,SCV,RAIL,N_C,2.10,0,2.10
294000-090#,Denso,FALSE,0.8,RIGHT,SCV,RAIL,N_C,2.10,0,2.10
294000-091#,Denso,FALSE,0.8,RIGHT,SCV,RAIL,N_C,2.10,0,2.10
294000-092#,Denso,FALSE,0.8,RIGHT,SCV,RAIL,N_C,2.10,0,2.10
294000-093#,Denso,FALSE,0.8,RIGHT,SCV,RAIL,N_C,2.10,0,2.10
294000-094#,Denso,FALSE,0.8,RIGHT,SCV,RAIL,N_C,2.10,0,2.10
294000-095#,Denso,FALSE,0.8,RIGHT,SCV,RAIL,N_O,0,0,2.20
294000-096#,Denso,FALSE,0.8,LEFT,SCV,RAIL,N_O,0,0,2.10
294000-098#,Denso,FALSE,0.8,RIGHT,SCV,RAIL,N_O,0,0,2.20
294000-099#,Denso,FALSE,0.8,RIGHT,SCV,RAIL,N_O,0,0,2.20
294000-100#,Denso,FALSE,0.8,RIGHT,SCV,RAIL,N_O,0,0,2.14
294000-101#,Denso,FALSE,0.8,RIGHT,SCV,RAIL,N_O,0,0,2.14
294000-102#,Denso,FALSE,0.8,RIGHT,SCV,RAIL,N_C,2.10,0,2.10
294000-104#,Denso,FALSE,0.8,RIGHT,SCV,RAIL,N_C,2.10,0,2.10
294000-107#,Denso,FALSE,0.8,LEFT,SCV,RAIL,N_O,0,0,2.14
294000-108#,Denso,FALSE,0.8,RIGHT,SCV,RAIL,N_O,0,0,2.20
294000-110#,Denso,FALSE,0.8,RIGHT,SCV,RAIL,N_C,2.10,0,2.10
294000-112#,Denso,FALSE,0.8,LEFT,SCV,RAIL,N_O,0,0,2.14
294000-115#,Denso,FALSE,0.8,LEFT,SCV,RAIL,N_O,0,0,1.30
294000-118#,Denso,FALSE,0.8,LEFT,SCV,RAIL,N_O,0,0,2.14
294000-119#,Denso,FALSE,0.8,LEFT,SCV,RAIL,N_O,0,0,1.3
294000-120#,Denso,FALSE,0.8,RIGHT,SCV,RAIL,N_O,0,0,1.30
294000-121#,Denso,FALSE,0.8,RIGHT,SCV,RAIL,N_O,0,0,2.14
294000-122#,Denso,FALSE,0.8,RIGHT,SCV,RAIL,N_O,0,0,2.20
294000-124#,Denso,FALSE,0.8,RIGHT,SCV,RAIL,N_O,0,0,2.14
294000-125#,Denso,FALSE,0.8,LEFT,SCV,RAIL,N_O,0,0,2.14
294000-126#,Denso,FALSE,0.8,LEFT,SCV,RAIL,N_O,0,0,2.14
294000-127#,Denso,FALSE,0.8,LEFT,SCV,RAIL,N_O,0,0,2.14
294000-128#,Denso,FALSE,0.8,RIGHT,SCV,RAIL,N_C,2.10,0,2.10
294000-129#,Denso,FALSE,0.8,LEFT,SCV,RAIL,N_O,0,0,1.3
294000-130#,Denso,FALSE,0.8,RIGHT,SCV,RAIL,N_O,0,0,2.20
294000-131#,Denso,FALSE,0.8,RIGHT,SCV,RAIL,N_C,2.10,0,2.10
294000-132#,Denso,FALSE,0.8,RIGHT,SCV,RAIL,N_C,2.10,0,2.10
294000-133#,Denso,FALSE,0.8,LEFT,SCV,RAIL,N_O,0,0,1.3
294000-136#,Denso,FALSE,0.8,LEFT,SCV,RAIL,N_O,0,0,2.14
294000-137#,Denso,FALSE,0.8,RIGHT,SCV,RAIL,N_O,0,0,2.14
294000-138#,Denso,FALSE,0.8,RIGHT,SCV,RAIL,N_O,0,0,2.10
294000-139#,Denso,FALSE,0.8,RIGHT,SCV,RAIL,N_O,0,0,1.30
294000-140#,Denso,FALSE,0.8,RIGHT,SCV,RAIL,N_O,0,0,2.14
294000-141#,Denso,FALSE,0.8,RIGHT,SCV,RAIL,N_O,0,0,2.20
294000-143#,Denso,FALSE,0.8,RIGHT,SCV,RAIL,N_O,0,0,1.30
294000-144#,Denso,FALSE,0.8,LEFT,SCV,RAIL,N_O,0,0,1.3
294000-145#,Denso,FALSE,0.8,LEFT,SCV,RAIL,N_O,0,0,2.10
294000-146#,Denso,FALSE,0.8,LEFT,SCV,RAIL,N_O,0,0,1.30
294000-150#,Denso,FALSE,0.8,LEFT,SCV,RAIL,N_O,0,0,1.3
294000-151#,Denso,FALSE,0.8,RIGHT,SCV,RAIL,N_C,2.10,0,2.10
294000-152#,Denso,FALSE,0.8,RIGHT,SCV,RAIL,N_O,0,0,2.14
294000-154#,Denso,FALSE,0.8,RIGHT,SCV,RAIL,N_O,0,0,2.20
294000-155#,Denso,FALSE,0.8,RIGHT,SCV,RAIL,N_O,0,0,1.3
294000-156#,Denso,FALSE,0.8,RIGHT,SCV,RAIL,N_O,0,0,2.10
294000-157#,Denso,FALSE,0.8,RIGHT,SCV,RAIL,N_C,2.10,0,2.10
294000-158#,Denso,FALSE,0.8,RIGHT,SCV,RAIL,N_C,2.10,0,2.10
294000-160#,Denso,FALSE,0.8,RIGHT,SCV,RAIL,N_O,0,0,2.20
294000-162#,Denso,FALSE,0.8,LEFT,SCV,RAIL,N_O,0,0,1.3
294000-163#,Denso,FALSE,0.8,LEFT,SCV,RAIL,N_O,0,0,2.20
294000-165#,Denso,FALSE,0.8,RIGHT,SCV,RAIL,N_O,0,0,2.10
294000-166#,Denso,FALSE,0.8,RIGHT,SCV,RAIL,N_O,0,0,2.20
294000-169#,Denso,FALSE,0.8,LEFT,SCV,RAIL,N_O,0,0,1.30
294000-170#,Denso,FALSE,0.8,LEFT,SCV,RAIL,N_O,0,0,2.10
294000-172#,Denso,FALSE,0.8,LEFT,SCV,RAIL,N_O,0,0,2.20
294000-173#,Denso,FALSE,0.8,RIGHT,SCV,RAIL,N_O,0,0,2.20
294000-176#,Denso,FALSE,0.8,LEFT,SCV,RAIL,N_O,0,0,2.20
294000-178#,Denso,FALSE,0.8,RIGHT,SCV,RAIL,N_O,0,0,2.10
294000-179#,Denso,FALSE,0.8,RIGHT,SCV,RAIL,N_O,0,0,1.30
294000-180#,Denso,FALSE,0.8,RIGHT,SCV,RAIL,N_O,0,0,2.20
294000-181#,Denso,FALSE,0.8,LEFT,SCV,RAIL,N_O,0,0,1.3
294000-184#,Denso,FALSE,0.8,LEFT,SCV,RAIL,N_O,0,0,1.3
294000-187#,Denso,FALSE,0.8,RIGHT,SCV,RAIL,N_O,0,0,2.20
294000-195#,Denso,FALSE,0.8,LEFT,SCV,RAIL,N_C,2.10,0,2.10
294000-199#,Denso,FALSE,0.8,LEFT,SCV,RAIL,N_O,0,0,1.3
294000-201#,Denso,FALSE,0.8,RIGHT,SCV,RAIL,N_O,0,0,2.20
294000-203#,Denso,FALSE,0.8,LEFT,SCV,RAIL,N_O,0,0,2.10
294000-204#,Denso,FALSE,0.8,RIGHT,SCV,RAIL,N_O,0,0,2.20
294000-207#,Denso,FALSE,0.8,RIGHT,SCV,RAIL,N_O,0,0,2.20
294000-211#,Denso,FALSE,0.8,RIGHT,SCV,RAIL,N_O,0,0,1.30
294000-213#,Denso,FALSE,0.8,RIGHT,SCV,RAIL,N_O,0,0,1.290
294000-219#,Denso,FALSE,0.8,RIGHT,SCV,RAIL,N_O,0,0,2.14
294000-220#,Denso,FALSE,0.8,RIGHT,SCV,RAIL,N_C,2.10,0,2.10
294000-221#,Denso,FALSE,0.8,RIGHT,SCV,RAIL,N_C,2.10,0,2.10
294000-222#,Denso,FALSE,0.8,RIGHT,SCV,RAIL,N_C,2.10,0,2.10
294000-227#,Denso,FALSE,0.8,LEFT,SCV,RAIL,N_C,2.10,0,2.10
294000-228#,Denso,FALSE,0.8,RIGHT,SCV,RAIL,N_O,0,0,2.14
294000-231#,Denso,FALSE,0.8,LEFT,SCV,RAIL,N_O,0,0,2.14
294000-232#,Denso,FALSE,0.8,RIGHT,SCV,RAIL,N_C,2.10,0,2.10
294000-233#,Denso,FALSE,0.8,RIGHT,SCV,RAIL,N_O,0,0,2.14
294000-234#,Denso,FALSE,0.8,RIGHT,SCV,RAIL,N_O,0,0,2.14
294000-235#,Denso,FALSE,0.8,RIGHT,SCV,RAIL,N_O,0,0,2.14
294000-239#,Denso,FALSE,0.8,LEFT,SCV,RAIL,N_O,0,0,2.10
294000-240#,Denso,FALSE,0.8,RIGHT,SCV,RAIL,N_O,0,0,1.300
294000-246#,Denso,FALSE,0.8,RIGHT,SCV,RAIL,N_O,0,0,2.20
294000-248#,Denso,FALSE,0.8,RIGHT,SCV,RAIL,N_C,2.10,0,2.10
294050-001#,Denso,FALSE,0.8,RIGHT,SCV,RAIL,N_O,0,0,2.10
294050-002#,Denso,FALSE,0.8,LEFT,SCV,RAIL,N_O,0,0,2.14
294050-004#,Denso,FALSE,0.8,LEFT,SCV,RAIL,N_O,0,0,1.3
294050-005#,Denso,FALSE,0.8,LEFT,SCV,RAIL,N_O,0,0,2.10
294050-006#,Denso,FALSE,0.8,RIGHT,SCV,RAIL,N_O,0,0,2.10
294050-007#,Denso,FALSE,0.8,LEFT,SCV,RAIL,N_O,0,0,1.3
294050-008#,Denso,FALSE,0.8,RIGHT,SCV,RAIL,N_O,0,0,1.3
294050-009#,Denso,FALSE,0.8,LEFT,SCV,RAIL,N_O,0,0,1.3
294050-010#,Denso,FALSE,0.8,LEFT,SCV,RAIL,N_O,0,0,1.290
294050-011#,Denso,FALSE,0.8,LEFT,SCV,RAIL,N_O,0,0,1.290
294050-012#,Denso,FALSE,0.8,LEFT,SCV,RAIL,N_O,0,0,2.140
294050-013#,Denso,FALSE,0.8,RIGHT,SCV,RAIL,N_O,0,0,1.3
294050-015#,Denso,FALSE,0.8,RIGHT,SCV,RAIL,N_O,0,0,2.10
294050-016#,Denso,FALSE,0.8,LEFT,SCV,RAIL,N_O,0,0,1.3
294050-017#,Denso,FALSE,0.8,LEFT,SCV,RAIL,N_O,0,0,2.1
294050-018#,Denso,FALSE,0.8,RIGHT,SCV,RAIL,N_C,2.10,0,2.10
294050-019#,Denso,FALSE,0.8,LEFT,SCV,RAIL,N_O,0,0,1.3
294050-020#,Denso,FALSE,0.8,RIGHT,SCV,RAIL,N_O,0,0,1.3
294050-021#,Denso,FALSE,0.8,LEFT,SCV,RAIL,N_O,0,0,1.3
294050-022#,Denso,FALSE,0.8,RIGHT,SCV,RAIL,N_O,0,0,1.3
294050-023#,Denso,FALSE,0.8,RIGHT,SCV,RAIL,N_C,2.10,0,2.10
294050-024#,Denso,FALSE,0.8,RIGHT,SCV,RAIL,N_C,2.10,0,2.10
294050-025#,Denso,FALSE,0.8,RIGHT,SCV,RAIL,N_O,0,0,2.10
294050-027#,Denso,FALSE,0.8,RIGHT,SCV,RAIL,N_C,2.10,0,2.10
294050-028#,Denso,FALSE,0.8,RIGHT,SCV,RAIL,N_C,2.10,0,2.10
294050-029#,Denso,FALSE,0.8,RIGHT,SCV,RAIL,N_O,0,0,1.3
294050-030#,Denso,FALSE,0.8,RIGHT,SCV,RAIL,N_O,0,0,2.10
294050-032#,Denso,FALSE,0.8,RIGHT,SCV,RAIL,N_O,0,0,1.30
294050-036#,Denso,FALSE,0.8,RIGHT,SCV,RAIL,N_O,0,0,2.10
294050-041#,Denso,FALSE,0.8,LEFT,SCV,RAIL,N_O,0,0,2.140
294050-042#,Denso,FALSE,0.8,LEFT,SCV,RAIL,N_O,0,0,1.290
294050-043#,Denso,FALSE,0.8,LEFT,SCV,RAIL,N_O,0,0,1.3
294050-044#,Denso,FALSE,0.8,LEFT,SCV,RAIL,N_O,0,0,2.1
294050-045#,Denso,FALSE,0.8,LEFT,SCV,RAIL,N_O,0,0,1.3
294050-047#,Denso,FALSE,0.8,LEFT,SCV,RAIL,N_O,0,0,1.3
294050-048#,Denso,FALSE,0.8,RIGHT,SCV,RAIL,N_O,0,0,2.10
294050-050#,Denso,FALSE,0.8,RIGHT,SCV,RAIL,N_O,0,0,1.3
294050-051#,Denso,FALSE,0.8,RIGHT,SCV,RAIL,N_O,0,0,2.10
294050-052#,Denso,FALSE,0.8,RIGHT,SCV,RAIL,N_O,0,0,1.30
294050-053#,Denso,FALSE,0.8,RIGHT,SCV,RAIL,N_O,0,0,2.10
294050-054#,Denso,FALSE,0.8,LEFT,SCV,RAIL,N_O,0,0,1.3
294050-055#,Denso,FALSE,0.8,RIGHT,SCV,RAIL,N_O,0,0,1.3
294050-056#,Denso,FALSE,0.8,RIGHT,SCV,RAIL,N_C,2.10,0,2.10
294050-062#,Denso,FALSE,0.8,RIGHT,SCV,RAIL,N_O,0,0,1.3
294050-063#,Denso,FALSE,0.8,RIGHT,SCV,RAIL,N_O,0,0,1.3
294050-064#,Denso,FALSE,0.8,LEFT,SCV,RAIL,N_O,0,0,1.290
294050-065#,Denso,FALSE,0.8,LEFT,SCV,RAIL,N_O,0,0,1.290
294050-069#,Denso,FALSE,0.8,RIGHT,SCV,RAIL,N_O,0,0,1.3
294050-076#,Denso,FALSE,0.8,RIGHT,SCV,RAIL,N_O,0,0,1.3
294050-094#,Denso,FALSE,0.8,RIGHT,SCV,RAIL,N_O,0,0,1.3
3310045700,Denso,FALSE,0.8,LEFT,SCV,RAIL,N_O,0,0,1.3
3310048000,Denso,FALSE,0.8,LEFT,SCV,RAIL,N_O,0,0,1.30
3310048700,Denso,FALSE,0.8,LEFT,SCV,RAIL,N_O,0,0,1.3
3310052000,Denso,FALSE,0.8,RIGHT,SCV,RAIL,N_O,0,0,1.3
331005270#,Denso,FALSE,0.8,RIGHT,SCV,RAIL,N_O,0,0,1.3
3310087000,Denso,FALSE,0.8,LEFT,SCV,RAIL,N_O,0,0,1.3
3689040,Denso,FALSE,0.8,RIGHT,SCV,RAIL,N_O,0,0,2.10
3689041,Denso,FALSE,0.8,RIGHT,SCV,RAIL,N_O,0,0,1.30
3708363,Denso,FALSE,0.8,RIGHT,SCV,RAIL,N_O,0,0,2.10
3708364,Denso,FALSE,0.8,RIGHT,SCV,RAIL,N_O,0,0,1.30
5-5567740C-#,Denso,FALSE,0.8,RIGHT,SCV,RAIL,N_O,0,0,2.14
5284018,Denso,FALSE,0.8,LEFT,SCV,RAIL,N_O,0,0,1.30
62757-11110,Denso,FALSE,0.8,RIGHT,SCV,RAIL,N_O,0,0,2.10
62757-11120,Denso,FALSE,0.8,RIGHT,SCV,RAIL,N_O,0,0,1.30
6C1Q-9B395-AB,Denso,FALSE,0.8,RIGHT,SCV,RAIL,N_O,0,0,2.20
6C1Q-9B395-AD,Denso,FALSE,0.8,RIGHT,SCV,RAIL,N_O,0,0,2.20
6C1Q-9B395-AE,Denso,FALSE,0.8,RIGHT,SCV,RAIL,N_O,0,0,2.20
6C1Q-9B395-BB,Denso,FALSE,0.8,RIGHT,SCV,RAIL,N_O,0,0,2.20
6C1Q-9B395-BD,Denso,FALSE,0.8,RIGHT,SCV,RAIL,N_O,0,0,2.20
6C1Q-9B395-BE,Denso,FALSE,0.8,RIGHT,SCV,RAIL,N_O,0,0,2.20
8-97306044-#,Denso,FALSE,0.8,LEFT,SCV,RAIL,N_O,0,0,1.3
8-97311373-#,Denso,FALSE,0.8,RIGHT,SCV,RAIL,N_O,0,0,2.14
8-97313862-#,Denso,FALSE,0.8,RIGHT,SCV,RAIL,N_O,0,0,2.14
8-97328886-#,Denso,FALSE,0.8,LEFT,SCV,RAIL,N_O,0,0,2.14
8-97351555-#,Denso,FALSE,0.8,RIGHT,SCV,RAIL,N_O,0,0,1.30
8-97376269-#,Denso,FALSE,0.8,RIGHT,SCV,RAIL,N_O,0,0,2.14
8-97381555-#,Denso,FALSE,0.8,RIGHT,SCV,RAIL,N_O,0,0,1.29
8-97386557-#,Denso,FALSE,0.8,LEFT,SCV,RAIL,N_O,0,0,1.3
8-97386558-#,Denso,FALSE,0.8,LEFT,SCV,RAIL,N_O,0,0,2.14
8-97386558-2,Denso,FALSE,0.8,LEFT,SCV,RAIL,N_O,0,0,2.14
8-97435031-#,Denso,FALSE,0.8,RIGHT,SCV,RAIL,N_O,0,0,2.14
8-97602049-#,Denso,FALSE,0.8,LEFT,SCV,RAIL,N_O,0,0,2.14
8-97605106-#,Denso,FALSE,0.8,LEFT,SCV,RAIL,N_O,0,0,2.140
8-97605946-#,Denso,FALSE,0.8,LEFT,SCV,RAIL,N_O,0,0,1.290
8-98081771-#,Denso,FALSE,0.8,LEFT,SCV,RAIL,N_O,0,0,2.14
8-98091565-#,Denso,FALSE,0.8,LEFT,SCV,RAIL,N_O,0,0,1.290
8-98092467-#,Denso,FALSE,0.8,RIGHT,SCV,RAIL,N_O,0,0,2.14
8-98103028-#,Denso,FALSE,0.8,RIGHT,SCV,RAIL,N_O,0,0,2.14
8-98151213-#,Denso,FALSE,0.8,RIGHT,SCV,RAIL,N_O,0,0,2.14
8-98155988-#,Denso,FALSE,0.8,RIGHT,SCV,RAIL,N_O,0,0,2.14
8-98168006-#,Denso,FALSE,0.8,LEFT,SCV,RAIL,N_O,0,0,1.3
8-98178304-#,Denso,FALSE,0.8,LEFT,SCV,RAIL,N_O,0,0,1.3
8-98238464-#,Denso,FALSE,0.8,LEFT,SCV,RAIL,N_O,0,0,1.290
8-98239521-#,Denso,FALSE,0.8,LEFT,SCV,RAIL,N_O,0,0,1.290
8-98247350-#,Denso,FALSE,0.8,LEFT,SCV,RAIL,N_O,0,0,2.14
8-98248042-#,Denso,FALSE,0.8,RIGHT,SCV,RAIL,N_O,0,0,1.290
8-98253389-#,Denso,FALSE,0.8,RIGHT,SCV,RAIL,N_O,0,0,2.14
8-98298599-#,Denso,FALSE,0.8,LEFT,SCV,RAIL,N_O,0,0,2.10
D28C000900,Denso,FALSE,0.8,LEFT,SCV,RAIL,N_O,0,0,1.3
D28C001500,Denso,FALSE,0.8,LEFT,SCV,RAIL,N_O,0,0,1.30
D28C001900,Denso,FALSE,0.8,LEFT,SCV,RAIL,N_O,0,0,1.3
D28C001901B,Denso,FALSE,0.8,LEFT,SCV,RAIL,N_O,0,0,1.3
ME302144,Denso,FALSE,0.8,LEFT,SCV,RAIL,N_O,0,0,1.3
ME302145,Denso,FALSE,0.8,LEFT,SCV,RAIL,N_O,0,0,2.10
ME304302,Denso,FALSE,0.8,LEFT,SCV,RAIL,N_O,0,0,1.3
ME304303,Denso,FALSE,0.8,LEFT,SCV,RAIL,N_O,0,0,2.10
ME304718,Denso,FALSE,0.8,LEFT,SCV,RAIL,N_O,0,0,1.3
ME304719,Denso,FALSE,0.8,LEFT,SCV,RAIL,N_O,0,0,2.1
ME306386,Denso,FALSE,0.8,LEFT,SCV,RAIL,N_O,0,0,1.3
ME306387,Denso,FALSE,0.8,LEFT,SCV,RAIL,N_O,0,0,2.10
ME306388,Denso,FALSE,0.8,LEFT,SCV,RAIL,N_O,0,0,1.3
ME306389,Denso,FALSE,0.8,LEFT,SCV,RAIL,N_O,0,0,2.1
ME306444,Denso,FALSE,0.8,LEFT,SCV,RAIL,N_O,0,0,1.3
ME307482,Denso,FALSE,0.8,LEFT,SCV,RAIL,N_O,0,0,1.3
ME307486,Denso,FALSE,0.8,LEFT,SCV,RAIL,N_O,0,0,1.3
R2AA13800,Denso,FALSE,0.8,RIGHT,SCV,RAIL,N_O,0,0,2.20
RE507959,Denso,FALSE,0.8,RIGHT,SCV,RAIL,N_O,0,0,2.10
RE519597,Denso,FALSE,0.8,RIGHT,SCV,RAIL,N_O,0,0,2.10
RE522595,Denso,FALSE,0.8,RIGHT,SCV,RAIL,N_O,0,0,2.10
RE527528,Denso,FALSE,0.8,RIGHT,SCV,RAIL,N_O,0,0,2.10
RE533507,Denso,FALSE,0.8,RIGHT,SCV,RAIL,N_O,0,0,2.10
RE533508,Denso,FALSE,0.8,RIGHT,SCV,RAIL,N_O,0,0,2.10
RE534156,Denso,FALSE,0.8,RIGHT,SCV,RAIL,N_O,0,0,2.10
RE537393,Denso,FALSE,0.8,RIGHT,SCV,RAIL,N_O,0,0,2.10
RE543262,Denso,FALSE,0.8,RIGHT,SCV,RAIL,N_O,0,0,2.10
RE543423,Denso,FALSE,0.8,RIGHT,SCV,RAIL,N_O,0,0,2.20
RE546119,Denso,FALSE,0.8,RIGHT,SCV,RAIL,N_O,0,0,2.10
RE546120,Denso,FALSE,0.8,RIGHT,SCV,RAIL,N_O,0,0,2.10
RE546121,Denso,FALSE,0.8,RIGHT,SCV,RAIL,N_O,0,0,2.10
RE546123,Denso,FALSE,0.8,RIGHT,SCV,RAIL,N_O,0,0,2.10
RE546124,Denso,FALSE,0.8,RIGHT,SCV,RAIL,N_O,0,0,2.10
RE546126,Denso,FALSE,0.8,RIGHT,SCV,RAIL,N_O,0,0,2.10
RF5C13800,Denso,FALSE,0.8,RIGHT,SCV,RAIL,N_O,0,0,2.20
RF7J13800,Denso,FALSE,0.8,RIGHT,SCV,RAIL,N_O,0,0,2.20
S00001061,Denso,FALSE,0.8,LEFT,SCV,RAIL,N_O,0,0,1.3
S2273-01264,Denso,FALSE,0.8,LEFT,SCV,RAIL,N_O,0,0,1.3
S2273-01321,Denso,FALSE,0.8,RIGHT,SCV,RAIL,N_O,0,0,2.10
S2273-01351,Denso,FALSE,0.8,RIGHT,SCV,RAIL,N_O,0,0,1.3
S550-13-800#,Denso,FALSE,0.8,RIGHT,SCV,RAIL,N_O,0,0,2.20
SH01-13-800#,Denso,FALSE,0.8,RIGHT,SCV,RAIL,N_O,0,0,2.20
03L130755AH,Siemens,FALSE,0.8,RIGHT,SCV,RAIL,N_C,1.70,0,1.70
03L130755AJ,Siemens,FALSE,5.0,RIGHT,SCV,RAIL,N_C,1.70,0,1.70
03L130755AL,Siemens,FALSE,0.8,RIGHT,SCV,RAIL,N_C,1.70,0,1.70
03L130755AN,Siemens,FALSE,5.0,RIGHT,SCV,RAIL,N_C,1.70,0,1.70
03L130755E,Siemens,FALSE,0.8,RIGHT,SCV,RAIL,N_C,1.70,0,1.70
03L130755H,Siemens,FALSE,5.0,RIGHT,SCV,RAIL,N_C,1.70,0,1.70
1454748,Siemens,FALSE,0.8,LEFT,SCV,RAIL_AND_PUMP,N_C,1.70,0,1.70
1541452,Siemens,FALSE,0.8,LEFT,SCV,RAIL_AND_PUMP,N_C,1.70,0,1.70
167000061R,Siemens,FALSE,0.8,RIGHT,SCV,RAIL_AND_PUMP,N_C,1.70,0,1.70
1731745,Siemens,FALSE,0.8,RIGHT,SCV,RAIL,N_C,1.70,0,1.70
1841726,Siemens,FALSE,0.8,RIGHT,SCV,RAIL,N_C,1.70,0,1.70
1920RY,Siemens,FALSE,0.8,RIGHT,SCV,RAIL,N_C,1.70,0,1.70
5WS40273,Siemens,FALSE,0.8,LEFT,SCV,RAIL_AND_PUMP,N_C,1.70,0,1.70
5WS40273-Z,Siemens,FALSE,0.8,LEFT,SCV,RAIL_AND_PUMP,N_C,1.70,0,1.70
5WS40565,Siemens,FALSE,0.8,RIGHT,SCV,RAIL_AND_PUMP,N_C,1.70,0,1.70
5WS40693,Siemens,FALSE,0.8,RIGHT,SCV,RAIL,N_C,1.70,0,1.70
5WS40694,Siemens,FALSE,0.8,RIGHT,SCV,RAIL,N_C,1.70,0,1.70
5WS40836,Siemens,FALSE,0.8,RIGHT,SCV,RAIL,N_C,1.70,0,1.70
5WS40844,Siemens,FALSE,5.0,RIGHT,SCV,RAIL,N_C,1.70,0,1.70
5WS40891,Siemens,FALSE,5.0,RIGHT,SCV,RAIL,N_C,1.70,0,1.70
5WS40894,Siemens,FALSE,0.8,RIGHT,SCV,RAIL,N_C,1.70,0,1.70
7H2Q-9B395-CC,Siemens,FALSE,0.8,LEFT,SCV,RAIL_AND_PUMP,N_C,1.70,0,1.70
7H2Q-9B395-CD,Siemens,FALSE,0.8,LEFT,SCV,RAIL_AND_PUMP,N_C,1.70,0,1.70
7H2Q-9B395-CE,Siemens,FALSE,0.8,LEFT,SCV,RAIL_AND_PUMP,N_C,1.70,0,1.70
7H2Q-9B395-CF,Siemens,FALSE,0.8,LEFT,SCV,RAIL_AND_PUMP,N_C,1.70,0,1.70
7H2Q-9B395-CG,Siemens,FALSE,0.8,LEFT,SCV,RAIL_AND_PUMP,N_C,1.70,0,1.70
7H2Q-9B395-CH,Siemens,FALSE,0.8,LEFT,SCV,RAIL_AND_PUMP,N_C,1.70,0,1.70
8200704200,Siemens,FALSE,0.8,RIGHT,SCV,RAIL_AND_PUMP,N_C,1.70,0,1.70
9672605380,Siemens,FALSE,0.8,RIGHT,SCV,RAIL,N_C,1.70,0,1.70
9678171880,Siemens,FALSE,0.8,RIGHT,SCV,RAIL,N_C,1.70,0,1.70
A2C20003282,Siemens,FALSE,0.8,LEFT,SCV,RAIL_AND_PUMP,N_C,1.70,0,1.70
A2C53252602,Siemens,FALSE,0.8,RIGHT,SCV,RAIL_AND_PUMP,N_C,1.70,0,1.70
A2C53300211,Siemens,FALSE,0.8,RIGHT,SCV,RAIL,N_C,1.70,0,1.70
A2C53341464,Siemens,FALSE,0.8,RIGHT,SCV,RAIL,N_C,1.70,0,1.70
A2C53344443,Siemens,FALSE,0.8,RIGHT,SCV,RAIL,N_C,1.70,0,1.70
A2C53351931,Siemens,FALSE,5.0,RIGHT,SCV,RAIL,N_C,1.70,0,1.70
A2C53366731,Siemens,FALSE,5.0,RIGHT,SCV,RAIL,N_C,1.70,0,1.70
A2C53381555,Siemens,FALSE,0.8,RIGHT,SCV,RAIL,N_C,1.70,0,1.70
A2C59507608,Siemens,FALSE,5.0,RIGHT,SCV,RAIL,N_C,1.70,0,1.70
A2C59513482,Siemens,FALSE,0.8,LEFT,SCV,RAIL_AND_PUMP,N_C,1.70,0,1.70
A2C59513595,Siemens,FALSE,0.8,RIGHT,SCV,RAIL_AND_PUMP,N_C,1.70,0,1.70
A2C59513830,Siemens,FALSE,0.8,RIGHT,SCV,RAIL,N_C,1.70,0,1.70
A2C59513832,Siemens,FALSE,0.8,RIGHT,SCV,RAIL,N_C,1.70,0,1.70
A2C59517045,Siemens,FALSE,0.8,RIGHT,SCV,RAIL,N_C,1.70,0,1.70
A2C59517047,Siemens,FALSE,0.8,RIGHT,SCV,RAIL,N_C,1.70,0,1.70
A2C59517049,Siemens,FALSE,5.0,RIGHT,SCV,RAIL,N_C,1.70,0,1.70
A2C59517053,Siemens,FALSE,0.8,RIGHT,SCV,RAIL,N_C,1.70,0,1.70
A2C59517054,Siemens,FALSE,5.0,RIGHT,SCV,RAIL,N_C,1.70,0,1.70
A2C59517055,Siemens,FALSE,0.8,RIGHT,SCV,RAIL,N_C,1.70,0,1.70
A2C89877300,Siemens,FALSE,5.0,RIGHT,SCV,RAIL,N_C,1.70,0,1.70
A2C96443200,Siemens,FALSE,0.8,RIGHT,SCV,RAIL,N_C,1.70,0,1.70
BK2Q-9B395-AD,Siemens,FALSE,0.8,RIGHT,SCV,RAIL,N_C,1.70,0,1.70
LR004712,Siemens,FALSE,0.8,LEFT,SCV,RAIL_AND_PUMP,N_C,1.70,0,1.70
LR005549,Siemens,FALSE,0.8,LEFT,SCV,RAIL_AND_PUMP,N_C,1.70,0,1.70
LR009666,Siemens,FALSE,0.8,LEFT,SCV,RAIL_AND_PUMP,N_C,1.70,0,1.70
LR017367,Siemens,FALSE,0.8,LEFT,SCV,RAIL_AND_PUMP,N_C,1.70,0,1.70
CP5 model 1,Ambac,FALSE,3.0,RIGHT,SCV,RAIL,N_O,0,0,1.80
